mine_id,state,mine_type,coal_type,mine_age_years,production_utilization_pct,production_change_pct,inspection_count_30d,days_since_last_inspection,missed_inspection_count,inspection_completion_rate,observation_count_30d,critical_observation_count,major_observation_count,total_violation_count_30d,total_violation_count_90d,open_violation_count,overdue_violation_count,high_severity_violation_count,critical_violation_count,repeat_violation_count,violation_growth_rate,total_action_count,overdue_action_count,average_action_delay_days,action_completion_rate,action_on_time_rate,verification_pending_count,incident_count_30d,incident_count_90d,fatality_count_90d,injury_count_90d,serious_incident_count,incident_growth_rate,environmental_anomaly_count,environmental_threshold_breach_count,environmental_breach_rate,days_since_last_incident,days_since_last_violation,compliance_rate,overdue_compliance_rate,critical_compliance_gap,zone_violation_count,repeat_violation_neighbor_count,neighbor_zone_risk,contractor_compliance_score,high_risk_contractor_count
IND_MINE_0001,Jharkhand,Mixed,Non-Coking Bituminous,69,94.6,-0.62,2,76,1,84.75,3,0,1,0,8,6,0,3,0,0,-13.91,25,8,6.93,84.6,68.39,1,1,1,0,2,1,-9.18,5,4,80.0,33,59,89.05,16.14,8,11,1,9.89,72.61,4
IND_MINE_0002,Jharkhand,Opencast,Sub-Bituminous,75,84.98,-12.23,3,79,1,82.57,14,1,0,14,23,11,3,4,2,4,10.13,28,13,20.62,74.91,68.95,8,0,4,0,4,2,12.13,2,0,0.0,514,196,68.79,36.95,8,7,4,6.29,89.07,4
IND_MINE_0003,Jharkhand,Mixed,Anthracite,12,84.86,8.86,1,57,2,82.02,5,0,0,1,9,2,0,6,2,3,23.57,32,10,2.71,82.05,65.71,8,0,5,0,5,1,-15.04,6,1,16.67,684,214,91.34,7.76,10,20,9,6.02,100,5
IND_MINE_0004,Jharkhand,Mixed,Sub-Bituminous,55,84.05,-4.95,0,78,1,89.46,17,0,6,9,21,10,1,6,2,3,-16.7,40,4,28.91,91.64,89.59,9,0,1,0,2,0,-17.1,1,0,0.0,703,302,83.45,19.29,5,9,3,7.11,80.83,4
IND_MINE_0005,Jharkhand,Underground,Coking Coal,14,70.69,-6.41,3,36,2,76.06,18,0,5,3,19,1,1,0,0,7,-15.15,36,4,3.5,84.55,71.89,8,0,5,0,6,2,2.78,6,0,0.0,556,189,83.7,22.94,4,3,5,7.45,94.61,1
IND_MINE_0006,Jharkhand,Mixed,Anthracite,47,77.01,8.28,0,33,3,84.98,11,0,4,0,2,2,1,2,2,2,-18.46,4,0,17.44,87.19,80.48,7,4,6,0,2,1,5.53,2,2,100.0,189,103,89.42,8.66,1,13,4,2.33,88.02,5
IND_MINE_0007,Jharkhand,Underground,Sub-Bituminous,38,95.25,8.86,4,17,0,93.25,7,0,7,1,18,9,6,0,0,4,-8.22,22,0,16.97,96.94,81.03,9,0,6,0,0,1,13.0,1,0,0.0,152,49,85.51,16.61,3,17,2,7.06,91.71,5
IND_MINE_0008,Jharkhand,Underground,Coking Coal,48,81.46,-5.24,1,68,0,94.1,18,0,3,4,15,10,10,1,1,7,-8.76,26,6,17.73,89.11,85.93,7,0,0,0,0,0,37.5,4,1,25.0,649,59,79.62,20.53,5,14,2,8.37,76.21,2
IND_MINE_0009,Jharkhand,Opencast,Non-Coking Bituminous,51,84.54,4.06,0,59,2,88.57,10,1,4,6,8,7,1,5,2,3,18.99,27,0,20.55,94.92,92.53,0,1,3,0,5,2,23.13,3,0,0.0,317,328,84.33,21.23,2,6,5,2.65,59.48,3
IND_MINE_0010,Jharkhand,Underground,Non-Coking Bituminous,44,76.47,4.43,1,56,0,89.43,2,0,2,10,16,3,0,3,1,6,-4.23,31,4,24.02,82.24,76.94,2,3,5,0,8,0,29.34,5,2,40.0,252,343,83.09,14.51,2,8,0,8.78,60.73,2
IND_MINE_0011,Jharkhand,Opencast,Coking Coal,46,78.29,5.51,2,23,0,95.17,10,2,5,8,13,12,10,6,1,2,-0.13,28,5,15.9,85.6,83.34,12,1,5,0,1,2,-2.31,6,4,66.67,8,263,63.86,36.28,6,18,2,7.16,73.72,3
IND_MINE_0012,Jharkhand,Mixed,Anthracite,64,88.58,-7.78,0,24,4,75.5,17,0,0,7,12,3,0,4,1,5,2.64,27,7,19.02,87.68,81.36,1,1,6,0,6,1,0.78,2,1,50.0,545,98,87.1,12.75,7,13,4,6.19,82.59,4
IND_MINE_0013,Jharkhand,Opencast,Coking Coal,56,82.41,8.96,3,36,2,73.19,2,0,2,0,7,6,3,0,0,0,13.02,24,8,18.32,83.26,77.49,12,0,4,0,8,1,-18.16,8,4,50.0,297,192,93.59,9.3,10,10,9,3.7,88.92,2
IND_MINE_0014,Jharkhand,Opencast,Anthracite,51,80.45,-0.48,2,56,0,91.46,12,0,2,5,14,10,6,4,0,1,-9.99,36,4,15.11,87.33,86.43,0,1,1,0,2,1,6.34,1,0,0.0,533,249,83.65,21.83,5,0,3,4.25,83.08,0
IND_MINE_0015,Jharkhand,Opencast,Non-Coking Bituminous,63,71.84,-10.21,2,51,0,83.53,11,0,7,9,22,3,2,6,0,6,-19.06,30,13,17.34,77.16,76.16,0,0,5,0,5,1,5.48,6,1,16.67,554,316,79.33,16.5,1,9,2,3.7,86.01,5
IND_MINE_0016,Jharkhand,Underground,Anthracite,47,49.36,18.16,1,6,2,85.63,12,0,7,12,29,24,20,6,0,0,6.54,36,2,0.15,90.51,78.11,0,1,2,0,4,2,38.46,4,0,0.0,87,290,57.56,46.03,0,6,7,7.66,59.89,3
IND_MINE_0017,Jharkhand,Mixed,Coking Coal,69,88.64,7.49,0,77,2,75.55,14,0,6,10,24,2,1,0,0,2,0.44,29,12,30.93,80.0,62.3,8,0,6,0,1,1,23.74,3,3,100.0,630,304,82.62,24.91,0,1,3,3.25,93.06,3
IND_MINE_0018,Jharkhand,Underground,Anthracite,49,92.81,17.2,5,31,1,81.87,10,0,4,1,6,1,0,0,0,5,-16.08,7,1,33.39,82.85,73.24,2,0,1,0,2,1,-23.95,3,3,100.0,216,309,89.97,9.28,2,12,2,1.4,100,5
IND_MINE_0019,Jharkhand,Opencast,Anthracite,13,83.77,9.94,0,42,1,94.93,7,0,7,2,20,6,3,1,0,7,26.96,31,5,14.53,89.82,87.74,0,0,6,0,3,0,36.45,4,2,50.0,301,310,82.92,20.92,1,6,6,5.88,70.75,3
IND_MINE_0020,Jharkhand,Opencast,Sub-Bituminous,28,99,-4.65,2,14,0,95.54,9,0,1,3,13,12,1,2,2,0,16.14,25,2,30.09,87.05,74.44,11,2,5,0,4,1,38.13,5,1,20.0,669,321,94.84,9.06,3,6,4,1.94,85.3,4
IND_MINE_0021,Jharkhand,Opencast,Non-Coking Bituminous,70,88.16,3.9,2,47,2,76.31,10,1,0,12,23,16,12,3,2,5,9.22,30,0,30.46,86.95,71.94,1,0,3,0,2,0,33.94,0,0,0,5,250,58.66,42.96,5,15,7,6.25,56.96,4
IND_MINE_0022,Jharkhand,Underground,Anthracite,20,87.8,15.1,1,57,1,81.54,6,0,5,1,4,4,4,0,0,0,25.58,28,12,28.26,69.93,65.17,1,1,2,0,4,2,-2.71,4,2,50.0,559,100,94.71,9.41,6,18,8,9.9,96.96,5
IND_MINE_0023,Jharkhand,Underground,Non-Coking Bituminous,53,81.93,29.32,4,68,1,89.38,3,1,0,7,15,5,4,2,1,2,23.03,39,14,16.41,79.34,79.26,5,2,7,2,4,2,9.76,4,4,100.0,314,122,72.02,25.88,2,0,9,5.06,85.27,2
IND_MINE_0024,Jharkhand,Underground,Non-Coking Bituminous,70,87.21,-10.33,0,89,2,83.5,5,0,1,3,21,10,0,3,2,4,13.41,31,10,28.44,72.64,60.39,1,0,2,0,0,2,-7.83,3,0,0.0,662,195,92.47,13.96,7,10,0,5.36,59.41,4
IND_MINE_0025,Jharkhand,Opencast,Non-Coking Bituminous,75,88.35,-8.4,4,31,1,83.9,17,0,8,5,19,19,14,4,2,3,14.55,40,20,33.52,66.96,66.48,1,0,3,0,6,0,20.49,1,1,100.0,22,31,73.25,22.87,1,7,9,2.55,80.48,5
IND_MINE_0026,Jharkhand,Underground,Anthracite,11,84.77,-8.3,3,56,2,87.96,6,1,1,8,17,9,9,1,1,5,-16.05,34,15,10.02,66.16,55.05,3,0,6,0,4,2,21.3,7,1,14.29,584,46,71.42,30.86,5,2,3,3.5,69.87,3
IND_MINE_0027,Jharkhand,Opencast,Coking Coal,74,83.02,-14.36,4,0,1,92.49,11,1,0,10,23,14,10,3,1,5,12.89,35,13,10.55,77.14,60.64,1,0,1,0,2,1,-8.96,6,5,83.33,224,107,72.63,27.99,0,16,7,6.42,82.2,5
IND_MINE_0028,Jharkhand,Mixed,Anthracite,60,72.96,-2.37,5,70,2,84.46,7,1,0,6,20,13,9,3,2,6,16.71,22,4,18.52,80.97,79.27,6,1,1,0,2,1,4.34,7,2,28.57,283,42,75.92,32.06,2,14,2,4.05,68.72,5
IND_MINE_0029,Jharkhand,Opencast,Coking Coal,65,66.06,-6.9,3,77,0,88.19,1,0,1,6,24,13,12,1,0,0,6.63,49,22,12.34,74.84,59.45,6,0,4,0,8,2,-16.08,4,2,50.0,307,121,76.76,26.95,0,15,9,1.16,81.02,2
IND_MINE_0030,Jharkhand,Mixed,Non-Coking Bituminous,59,90.28,2.33,1,10,1,84.39,11,0,7,6,15,4,0,3,1,4,22.32,30,14,7.21,65.52,55.29,8,0,1,0,2,0,2.56,4,1,25.0,81,144,88.71,12.15,3,0,10,4.16,74.99,4
IND_MINE_0031,Jharkhand,Opencast,Anthracite,36,95.96,1.11,4,46,1,92.89,8,2,6,6,13,1,0,0,0,6,32.59,26,13,22.6,65.0,61.62,4,0,6,0,7,3,-7.16,8,8,100.0,488,312,77.95,29.13,2,14,9,9.24,65.13,2
IND_MINE_0032,Jharkhand,Mixed,Anthracite,12,84.08,7.64,0,57,2,81.79,10,0,1,7,24,23,18,5,0,3,24.72,25,9,33.49,77.15,69.62,3,0,6,0,1,1,17.55,7,3,42.86,448,216,74.05,30.19,4,18,0,9.58,97.41,4
IND_MINE_0033,Jharkhand,Mixed,Anthracite,67,82.9,-10.37,4,6,2,72.02,11,1,3,3,13,2,2,4,1,2,25.32,22,6,4.61,86.2,74.85,5,0,4,0,7,1,5.92,5,2,40.0,270,123,81.52,24.15,10,13,4,3.39,78.22,2
IND_MINE_0034,Jharkhand,Underground,Sub-Bituminous,24,99,17.26,0,30,1,84.31,13,0,1,4,9,7,0,5,0,5,-6.31,28,11,5.62,73.44,64.54,1,2,5,0,7,0,-2.04,1,1,100.0,156,189,94.03,4.01,8,17,1,6.23,77.31,4
IND_MINE_0035,Jharkhand,Underground,Sub-Bituminous,12,90.78,-8.46,1,26,2,73.24,7,0,4,6,24,6,4,5,2,5,16.16,31,0,34.99,96.72,86.52,5,0,3,0,6,0,3.0,2,0,0.0,38,329,83.97,15.46,3,6,9,5.87,82.39,4
IND_MINE_0036,Jharkhand,Opencast,Anthracite,38,83.78,-6.57,5,24,1,81.26,9,1,1,9,25,4,0,1,1,1,27.84,35,4,12.8,86.97,86.46,7,0,5,0,5,2,-0.52,4,1,25.0,239,286,77.93,19.37,2,8,1,7.06,53.05,2
IND_MINE_0037,Jharkhand,Underground,Coking Coal,12,81.15,2.66,1,8,0,92.23,3,1,2,4,12,3,2,1,0,2,13.12,28,0,33.54,99.26,97.77,3,1,6,0,1,2,-15.79,8,3,37.5,472,22,78.26,24.56,6,9,6,7.63,66.04,1
IND_MINE_0038,Jharkhand,Mixed,Non-Coking Bituminous,46,99,-4.43,5,8,2,81.78,18,0,6,7,13,3,3,4,1,1,-15.34,19,6,1.2,71.47,67.6,5,0,5,0,6,3,4.89,1,1,100.0,194,134,83.37,17.02,4,16,5,3.02,87.41,4
IND_MINE_0039,Jharkhand,Underground,Sub-Bituminous,61,70.77,11.21,1,58,0,91.56,18,0,7,1,8,0,0,1,1,4,-7.21,15,5,9.86,83.19,76.81,11,0,6,0,6,0,-7.12,6,0,0.0,54,85,89.74,18.03,1,4,0,7.59,81.02,3
IND_MINE_0040,Jharkhand,Opencast,Coking Coal,36,82.05,-3.97,0,75,2,74.1,16,1,4,8,13,1,1,0,0,4,23.42,14,5,19.81,72.53,57.42,4,0,5,0,5,2,24.7,4,3,75.0,440,27,72.5,28.94,10,17,3,2.78,59.11,5
IND_MINE_0041,Jharkhand,Opencast,Coking Coal,35,79.48,8.19,3,59,2,72.26,7,0,0,10,20,6,2,6,2,1,-0.37,45,18,6.75,70.64,64.46,1,1,3,0,0,2,-16.23,2,1,50.0,271,252,75.4,27.45,10,13,4,7.66,88.98,0
IND_MINE_0042,Jharkhand,Mixed,Sub-Bituminous,26,97.99,-0.31,3,75,0,94.39,15,0,7,8,14,13,3,2,2,6,-14.53,18,2,28.56,80.11,68.49,12,0,4,0,6,1,23.44,2,2,100.0,490,316,75.23,28.35,1,18,3,7.1,74.96,2
IND_MINE_0043,Jharkhand,Opencast,Coking Coal,9,81.26,-1.15,4,58,0,91.15,5,1,0,4,16,0,0,5,1,1,27.61,35,14,13.41,78.13,61.13,7,0,3,0,3,1,18.81,8,5,62.5,721,330,83.79,18.99,4,1,8,6.2,75.92,1
IND_MINE_0044,Jharkhand,Underground,Sub-Bituminous,37,89.31,-5.97,2,50,0,91.77,2,0,2,7,15,1,0,5,0,7,15.79,28,1,1.82,94.68,93.91,5,1,6,0,3,3,11.92,0,0,0,181,41,81.9,24.08,7,19,8,4.82,83.38,4
IND_MINE_0045,Jharkhand,Opencast,Anthracite,66,90.84,6.57,5,41,0,90.95,5,0,3,0,11,6,2,0,0,1,-6.9,23,9,12.59,78.58,70.01,3,0,6,1,5,1,31.53,2,2,100.0,215,61,88.77,12.1,6,19,2,9.47,73.93,0
IND_MINE_0046,Jharkhand,Opencast,Anthracite,8,66.58,24.25,5,18,2,83.98,9,0,1,10,17,1,1,5,0,2,17.82,36,17,16.35,74.83,70.58,0,3,9,0,0,0,34.27,8,1,12.5,485,56,77.34,27.8,8,18,4,5.59,72.71,4
IND_MINE_0047,Jharkhand,Mixed,Anthracite,50,76.81,-2.69,4,41,0,92.59,9,0,0,12,23,9,7,5,2,7,-6.15,28,14,22.53,68.28,56.52,0,3,8,0,1,3,-2.07,0,0,0,33,114,76.15,31.31,10,14,7,6.57,100,4
IND_MINE_0048,Jharkhand,Mixed,Non-Coking Bituminous,73,98.29,12.46,0,26,1,80.83,5,0,5,8,15,6,4,3,1,3,25.86,24,2,30.86,90.98,73.77,3,0,3,0,4,1,-6.06,1,0,0.0,638,145,84.54,17.85,3,20,5,9.3,72.32,5
IND_MINE_0049,Jharkhand,Underground,Sub-Bituminous,28,93.56,9.42,3,18,1,81.09,8,0,8,8,12,7,0,0,0,3,19.42,15,6,23.26,67.54,51.4,2,0,2,0,4,2,24.22,6,3,50.0,720,127,80.34,16.19,4,10,5,8.1,92.97,1
IND_MINE_0050,Jharkhand,Mixed,Non-Coking Bituminous,21,78.12,6.27,5,6,1,87.09,11,0,4,11,18,16,2,0,0,7,34.88,33,10,18.51,80.62,64.09,3,0,2,0,4,2,18.25,2,2,100.0,158,33,79.47,17.22,0,10,8,6.94,79.75,5
IND_MINE_0051,Jharkhand,Mixed,Anthracite,54,88.37,11.02,5,7,1,85.44,5,0,5,1,8,5,2,1,0,1,-5.63,30,6,13.58,76.25,67.97,0,0,3,0,4,3,37.79,7,3,42.86,142,134,90.48,9.08,8,16,9,9.21,81.63,2
IND_MINE_0052,Jharkhand,Opencast,Non-Coking Bituminous,9,92.76,24.71,0,82,2,77.01,9,3,6,9,11,11,2,2,0,5,-19.17,28,9,20.55,84.89,77.63,5,0,1,0,0,1,26.67,7,6,85.71,628,323,62.0,41.86,4,13,10,6.75,71.91,5
IND_MINE_0053,Jharkhand,Underground,Anthracite,13,76.23,-6.71,2,30,1,94.07,6,0,6,12,28,15,10,1,1,1,-3.98,50,9,26.5,79.67,63.52,2,0,5,0,7,3,34.44,2,0,0.0,682,101,65.87,31.06,6,3,2,2.45,72.39,1
IND_MINE_0054,Jharkhand,Opencast,Anthracite,27,79.64,-7.81,2,18,1,84.76,13,1,3,4,21,4,1,6,0,7,-12.59,36,14,3.76,71.2,70.6,11,0,6,0,4,3,1.63,3,1,33.33,213,287,78.81,28.74,0,9,7,5.49,69.88,2
IND_MINE_0055,Jharkhand,Mixed,Coking Coal,24,96.25,-13.05,1,1,2,83.66,5,1,0,11,19,10,7,3,0,3,-0.63,27,9,31.75,80.36,74.72,12,0,0,0,0,0,-7.67,4,1,25.0,291,360,64.32,43.43,9,8,7,7.06,71.52,2
IND_MINE_0056,Jharkhand,Underground,Non-Coking Bituminous,26,80.94,17.87,3,38,0,95.68,7,0,3,2,9,2,1,6,0,4,-5.15,23,6,34.72,85.33,80.75,2,1,4,0,2,2,24.7,7,5,71.43,657,41,89.73,9.84,1,1,6,6.91,71.53,1
IND_MINE_0057,Jharkhand,Underground,Sub-Bituminous,10,69.41,-9.23,5,4,2,73.35,18,1,2,3,11,8,1,1,1,0,16.27,22,6,16.21,86.32,80.39,7,0,4,0,5,3,24.27,4,1,25.0,563,245,86.29,12.23,2,8,7,4.69,89.91,1
IND_MINE_0058,Jharkhand,Mixed,Non-Coking Bituminous,11,86.19,4.94,2,23,0,87.41,10,0,8,11,13,1,1,0,0,0,29.3,13,0,25.73,91.38,90.72,9,0,0,0,0,0,33.74,1,0,0.0,198,191,74.66,25.98,6,16,4,9.54,91.54,5
IND_MINE_0059,Jharkhand,Opencast,Sub-Bituminous,32,87.91,10.23,3,52,0,82.71,13,0,1,1,19,2,1,6,2,7,14.51,39,14,28.5,75.78,63.25,11,3,8,2,7,0,31.68,1,1,100.0,700,62,90.45,12.43,0,9,8,5.56,58.63,4
IND_MINE_0060,Jharkhand,Underground,Anthracite,24,80.23,7.74,1,0,0,83.98,17,2,0,7,23,7,4,2,2,3,27.73,23,8,29.7,78.42,70.64,10,1,2,0,0,1,-2.89,3,3,100.0,133,116,75.41,24.04,7,8,6,6.45,87.45,5
IND_MINE_0061,Jharkhand,Opencast,Non-Coking Bituminous,38,85.13,-0.77,3,29,2,72.2,9,2,6,11,22,14,5,0,0,5,17.11,39,9,30.51,79.78,78.28,8,0,3,0,6,1,-11.25,1,0,0.0,385,308,70.03,32.4,1,10,10,2.63,88.02,0
IND_MINE_0062,Jharkhand,Opencast,Sub-Bituminous,9,82.9,10.52,1,0,0,85.62,10,0,1,8,19,10,3,0,0,3,14.25,41,8,24.25,79.54,73.01,12,1,6,0,1,0,-4.52,8,7,87.5,417,152,79.59,25.0,6,20,7,3.44,99.66,4
IND_MINE_0063,Jharkhand,Mixed,Coking Coal,28,79.09,-2.68,1,79,2,77.7,3,0,3,4,20,3,1,3,0,3,33.51,36,18,0.44,71.08,67.84,9,0,6,0,3,3,32.29,7,0,0.0,322,168,89.89,16.33,6,5,6,1.87,98.01,4
IND_MINE_0064,Jharkhand,Opencast,Coking Coal,44,87.11,25.21,0,47,1,94.73,15,0,6,8,20,19,15,6,1,5,0.68,43,15,21.01,78.13,63.07,11,3,4,1,7,3,-7.94,4,0,0.0,676,247,75.67,31.62,5,16,3,7.71,72.91,2
IND_MINE_0065,Jharkhand,Opencast,Anthracite,26,92.35,10.72,0,47,2,76.92,18,0,6,9,26,14,9,3,2,2,-10.83,28,0,27.36,99.4,92.94,5,0,0,0,0,0,18.56,0,0,0,498,46,71.28,29.62,1,18,0,6.44,74.05,3
IND_MINE_0066,Jharkhand,Mixed,Sub-Bituminous,40,72.75,5.1,0,89,4,70.21,12,0,1,3,19,15,0,6,0,6,-4.87,19,0,28.71,91.38,80.08,1,0,3,0,3,2,39.26,1,0,0.0,81,102,92.15,15.21,6,9,7,7.55,72.98,5
IND_MINE_0067,Jharkhand,Underground,Coking Coal,32,78.58,-4.13,3,40,2,88.32,15,1,7,5,14,6,2,4,0,2,27.47,17,4,17.07,82.26,71.02,7,2,5,0,0,2,6.6,4,3,75.0,147,33,83.74,20.91,3,3,10,8.33,93.74,5
IND_MINE_0068,Jharkhand,Mixed,Non-Coking Bituminous,74,74.46,-4.34,4,24,1,92.14,10,1,5,13,29,2,0,0,0,6,9.05,47,8,28.46,90.11,85.45,8,0,2,0,4,0,-23.14,0,0,0,540,101,67.62,33.82,7,15,10,8.74,95.45,0
IND_MINE_0069,Jharkhand,Mixed,Anthracite,66,66.11,-2.58,3,38,1,81.23,9,1,2,4,18,3,2,4,0,7,9.61,31,15,16.9,76.6,59.7,6,1,6,0,1,1,-16.37,3,3,100.0,340,236,75.92,24.54,9,0,4,5.86,76.99,2
IND_MINE_0070,Jharkhand,Underground,Coking Coal,20,76.28,2.91,5,44,0,89.27,3,0,3,0,15,4,0,2,0,3,-14.5,28,13,4.74,75.61,60.94,0,0,2,0,4,1,-5.78,2,2,100.0,210,330,93.04,5.87,9,6,8,4.7,80.48,0
IND_MINE_0071,Jharkhand,Opencast,Non-Coking Bituminous,18,68.1,-2.32,3,46,1,90.33,14,1,3,7,22,11,0,4,0,6,-19.73,34,17,30.72,68.01,60.61,8,1,3,0,0,1,17.94,0,0,0,405,14,81.32,24.22,4,9,5,8.85,74.23,4
IND_MINE_0072,Jharkhand,Mixed,Non-Coking Bituminous,46,69.15,5.69,0,18,3,76.32,17,0,7,8,14,12,8,1,0,7,24.38,14,0,30.03,91.86,76.11,10,0,4,0,2,0,-12.17,1,1,100.0,707,94,72.94,25.97,0,12,8,7.73,89.43,1
IND_MINE_0073,Jharkhand,Underground,Non-Coking Bituminous,51,92.08,12.4,1,32,1,86.76,8,2,6,8,12,5,2,5,0,2,32.19,23,0,9.71,98.02,82.96,11,0,3,0,6,3,6.87,4,2,50.0,295,203,66.43,35.17,1,12,9,6.93,87.06,3
IND_MINE_0074,Jharkhand,Underground,Non-Coking Bituminous,39,88.76,6.45,5,71,0,84.33,13,0,1,11,19,15,0,4,1,7,-3.22,44,8,2.86,83.11,65.47,2,0,3,0,1,2,24.81,6,3,50.0,587,351,78.74,27.26,1,1,3,6.68,69.14,2
IND_MINE_0075,Jharkhand,Underground,Sub-Bituminous,45,80.95,9.95,3,37,2,81.45,13,1,7,4,8,7,0,0,0,7,29.48,24,7,31.01,82.17,73.32,2,0,2,0,4,2,-11.24,0,0,0,57,287,87.73,16.54,9,1,0,6.24,94.13,2
IND_MINE_0076,Jharkhand,Underground,Anthracite,45,78.57,14.8,1,68,1,77.77,2,0,2,9,14,11,3,6,1,3,-9.99,22,2,23.04,90.31,81.51,8,1,7,0,0,3,5.37,1,0,0.0,272,240,81.64,25.67,5,4,9,5.52,66.16,3
IND_MINE_0077,Jharkhand,Opencast,Non-Coking Bituminous,32,78.97,2.68,3,1,2,75.11,2,2,0,12,19,1,1,5,1,5,21.0,32,14,22.29,74.99,63.76,11,0,6,0,5,3,2.76,5,4,80.0,213,163,71.68,33.11,0,14,7,2.1,83.62,1
IND_MINE_0078,Jharkhand,Opencast,Sub-Bituminous,72,77.11,10.75,5,43,2,88.7,5,0,5,9,19,18,1,2,2,0,19.19,26,13,29.92,66.07,64.03,7,3,5,0,5,1,36.07,0,0,0,470,246,77.98,18.99,3,11,7,3.03,83.73,4
IND_MINE_0079,Jharkhand,Opencast,Anthracite,26,91.23,-4.1,1,50,1,94.32,17,0,8,9,11,2,0,4,2,4,6.96,16,4,18.46,78.3,75.76,1,0,6,0,7,2,39.36,3,0,0.0,583,175,82.67,23.09,8,8,5,9.64,73.16,5
IND_MINE_0080,Jharkhand,Mixed,Non-Coking Bituminous,16,82.26,-1.45,0,35,1,89.8,15,1,5,8,12,0,0,2,1,1,23.23,18,5,22.41,84.12,73.35,7,0,1,0,2,1,19.03,7,2,28.57,74,178,78.39,18.97,4,11,10,6.04,100,2
IND_MINE_0081,Jharkhand,Opencast,Sub-Bituminous,13,75.92,-2.34,3,47,1,93.08,14,0,1,6,10,1,0,0,0,5,30.85,15,2,17.92,87.87,75.18,1,2,2,0,0,2,19.42,0,0,0,442,42,89.89,6.48,2,16,3,5.44,81.38,5
IND_MINE_0082,Jharkhand,Underground,Coking Coal,57,81.44,6.66,0,23,1,94.24,17,1,2,8,16,5,4,0,0,5,-18.44,19,5,32.37,80.64,77.72,7,0,3,0,5,0,-7.08,6,5,83.33,515,184,80.12,20.81,6,14,10,7.31,76.54,1
IND_MINE_0083,Jharkhand,Opencast,Non-Coking Bituminous,53,93.11,3.02,3,41,2,86.33,17,0,5,5,17,10,8,6,0,3,3.17,35,0,3.86,96.04,81.43,0,0,3,0,6,1,-23.39,8,3,37.5,394,262,83.87,13.11,0,6,6,9.48,72.24,5
IND_MINE_0084,Jharkhand,Mixed,Sub-Bituminous,58,80.63,13.38,2,0,0,90.62,18,0,8,5,7,6,4,3,1,0,8.89,28,6,23.77,86.44,77.18,6,0,4,0,7,0,39.22,2,1,50.0,622,113,81.36,26.4,10,20,9,1.89,68.68,0
IND_MINE_0085,Jharkhand,Underground,Non-Coking Bituminous,49,90.03,7.98,1,69,1,94.88,5,2,3,4,21,5,1,1,1,7,23.45,37,7,3.04,88.22,74.33,4,1,2,0,4,0,-12.84,2,0,0.0,552,56,75.54,31.54,3,14,8,3.2,74.47,2
IND_MINE_0086,Jharkhand,Underground,Sub-Bituminous,48,88.46,-5.99,4,53,2,86.41,6,0,1,4,17,3,1,1,0,0,30.1,41,5,30.1,89.57,87.91,6,2,6,0,8,0,-11.1,4,4,100.0,109,174,82.59,13.26,5,4,0,9.03,89.09,5
IND_MINE_0087,Jharkhand,Mixed,Sub-Bituminous,35,88.7,6.6,4,73,0,88.46,2,0,2,4,21,8,7,5,2,1,1.36,43,2,24.45,84.35,71.38,6,1,7,0,6,0,7.08,8,0,0.0,420,300,84.12,18.95,3,3,0,3.21,98.3,4
IND_MINE_0088,Jharkhand,Mixed,Sub-Bituminous,9,82.57,14.36,2,63,2,82.62,1,1,0,12,19,18,13,6,2,6,4.4,36,11,22.43,76.72,76.63,7,3,9,0,5,3,4.21,3,0,0.0,613,51,60.58,39.61,4,15,0,4.56,94.11,1
IND_MINE_0089,Jharkhand,Mixed,Anthracite,15,85.74,2.78,4,90,1,91.66,2,0,0,1,11,3,0,5,1,2,-4.85,17,8,18.34,71.69,65.72,5,0,4,0,8,1,30.34,0,0,0,109,87,91.15,8.57,4,15,4,6.83,71.54,4
IND_MINE_0090,Jharkhand,Underground,Coking Coal,41,64.18,-1.09,0,53,4,74.54,16,1,1,6,15,9,9,0,0,5,-3.7,23,4,18.33,77.86,64.29,10,4,6,0,4,0,21.55,4,1,25.0,616,79,75.51,21.97,4,15,4,7.11,88.58,0
IND_MINE_0091,Jharkhand,Opencast,Anthracite,72,95.25,-9.88,3,7,2,78.53,16,1,5,13,24,24,8,2,0,6,13.02,32,8,23.55,83.78,75.3,3,1,3,0,2,1,32.1,3,2,66.67,407,39,61.33,34.47,4,2,5,3.52,82.08,4
IND_MINE_0092,Jharkhand,Opencast,Anthracite,38,78.68,6.8,0,80,0,97.1,3,1,2,11,14,5,4,2,0,3,18.73,21,7,17.36,75.28,66.63,3,0,1,0,0,1,7.59,1,0,0.0,498,244,71.43,35.77,0,13,4,1.79,77.14,2
IND_MINE_0093,Jharkhand,Mixed,Non-Coking Bituminous,31,73.48,-1.11,4,38,2,73.44,1,1,0,3,17,4,3,4,0,4,-16.53,32,5,24.73,90.83,81.18,3,2,8,0,1,1,-23.84,8,6,75.0,218,284,83.87,12.46,1,20,1,2.18,99.47,4
IND_MINE_0094,Jharkhand,Underground,Coking Coal,15,76.74,14.09,4,32,1,91.67,12,1,0,11,28,17,0,5,0,7,11.68,52,10,25.83,80.64,74.41,8,2,6,0,4,1,26.46,7,4,57.14,219,160,77.43,22.76,5,13,3,6.84,87.59,3
IND_MINE_0095,Jharkhand,Opencast,Sub-Bituminous,73,84.74,12.95,4,27,0,98.44,15,0,3,4,18,18,11,1,0,7,-4.96,33,3,14.1,95.77,89.05,4,1,5,0,2,1,31.22,8,5,62.5,621,42,78.94,23.43,1,1,1,9.2,82.34,0
IND_MINE_0096,Jharkhand,Opencast,Coking Coal,55,95.01,12.86,2,53,0,99.15,10,1,4,3,16,4,2,4,2,7,31.51,30,10,2.31,83.51,82.85,3,1,5,0,8,3,-2.37,3,0,0.0,63,288,77.53,22.26,5,12,5,8.66,62.86,1
IND_MINE_0097,West Bengal,Underground,Anthracite,56,75.91,18.07,3,5,0,86.75,4,1,2,5,11,5,5,0,0,4,8.62,32,1,33.03,90.53,79.35,11,1,6,0,1,1,-4.73,7,7,100.0,474,94,72.36,26.47,9,1,9,9.21,93.8,2
IND_MINE_0098,West Bengal,Opencast,Coking Coal,25,86.39,-3.94,3,21,1,90.05,13,2,8,4,7,1,1,3,1,0,-13.43,17,8,20.71,70.2,66.17,6,2,5,0,6,1,36.01,0,0,0,489,60,82.46,18.04,0,14,6,7.72,92.35,1
IND_MINE_0099,West Bengal,Mixed,Sub-Bituminous,68,83.73,18.86,1,22,0,98.45,9,2,1,7,24,24,11,0,0,5,7.26,43,14,33.82,83.0,82.25,11,0,4,0,7,3,1.98,3,2,66.67,427,131,64.93,37.15,9,16,10,2.76,74.32,0
IND_MINE_0100,West Bengal,Opencast,Non-Coking Bituminous,44,82.68,-18.83,5,34,2,78.18,7,1,6,12,30,8,6,3,1,4,10.36,42,12,13.03,73.71,59.81,4,1,6,0,3,3,-13.08,2,0,0.0,13,280,63.36,42.06,6,13,2,1.6,83.94,5
IND_MINE_0101,West Bengal,Underground,Non-Coking Bituminous,8,79.74,5.33,5,81,0,83.13,11,0,7,6,18,0,0,5,1,6,-10.46,21,3,2.65,89.08,72.59,9,1,4,0,7,1,28.65,7,5,71.43,236,261,81.02,23.14,4,18,1,5.22,51.26,3
IND_MINE_0102,West Bengal,Mixed,Anthracite,67,77.28,3.77,1,58,2,72.95,15,0,4,9,14,4,3,0,0,6,-15.19,15,1,10.64,83.3,81.93,4,1,3,0,3,0,34.25,7,0,0.0,53,45,83.45,21.26,2,7,3,7.7,88.97,3
IND_MINE_0103,West Bengal,Mixed,Anthracite,71,97.11,10.6,4,23,0,86.26,9,0,4,9,11,3,1,1,0,7,-0.52,32,2,23.97,85.89,73.17,5,0,6,1,0,2,17.59,2,0,0.0,305,202,83.52,21.0,7,7,4,6.5,60.67,5
IND_MINE_0104,West Bengal,Opencast,Non-Coking Bituminous,67,82.12,-8.43,2,16,1,82.33,5,3,2,12,28,19,2,2,2,7,13.28,45,14,15.0,77.54,59.77,1,2,7,0,2,3,-3.7,3,3,100.0,223,17,56.19,47.93,2,7,7,5.03,61.02,1
IND_MINE_0105,West Bengal,Mixed,Coking Coal,14,94.04,14.48,0,83,1,82.02,13,0,0,11,18,4,1,6,2,5,28.06,37,2,3.0,85.15,84.19,3,3,8,0,3,3,4.5,1,1,100.0,586,331,83.26,15.37,6,12,7,2.37,78.78,2
IND_MINE_0106,West Bengal,Mixed,Non-Coking Bituminous,26,95.89,6.49,2,49,2,78.1,6,0,2,4,20,12,12,3,1,6,-4.25,42,13,22.74,83.19,71.3,0,0,3,0,2,1,21.19,6,0,0.0,465,125,82.58,25.23,7,19,2,6.44,80.68,2
IND_MINE_0107,West Bengal,Mixed,Non-Coking Bituminous,56,84.04,9.36,4,65,1,86.67,7,2,4,7,11,8,1,6,1,5,-5.54,31,11,21.26,70.16,58.85,7,1,4,0,1,2,-24.22,8,5,62.5,409,238,69.13,27.94,8,8,3,1.71,77.75,5
IND_MINE_0108,West Bengal,Mixed,Non-Coking Bituminous,73,84.93,-2.13,3,72,1,84.59,4,2,2,6,23,13,12,0,0,1,-8.14,40,14,29.67,81.86,81.65,9,0,1,0,2,0,-12.87,6,3,50.0,113,327,64.44,32.9,7,14,9,9.05,87.92,4
IND_MINE_0109,West Bengal,Opencast,Non-Coking Bituminous,64,92.43,4.32,1,28,2,77.26,1,0,1,2,7,5,1,4,0,1,19.69,30,4,9.04,82.81,72.02,9,2,4,0,3,1,-18.21,6,6,100.0,228,0,88.06,19.81,5,4,9,1.87,76.44,2
IND_MINE_0110,West Bengal,Mixed,Non-Coking Bituminous,9,75.74,-5.91,3,30,2,85.47,14,1,1,12,27,1,1,5,2,4,34.73,43,3,29.17,82.5,71.01,2,0,4,0,4,2,14.41,3,2,66.67,250,136,74.77,28.58,2,18,1,8.25,80.15,2
IND_MINE_0111,West Bengal,Opencast,Coking Coal,31,71.22,-1.81,5,15,2,89.98,5,1,4,10,24,7,2,5,2,3,-11.58,46,5,14.14,94.01,81.2,1,0,2,0,4,1,7.3,4,0,0.0,560,241,70.47,36.64,2,11,2,2.12,79.75,1
IND_MINE_0112,West Bengal,Underground,Anthracite,55,78.57,5.4,2,26,0,84.09,6,0,6,10,21,15,8,0,0,6,1.65,23,4,22.79,78.5,68.79,4,0,2,0,4,0,39.13,5,5,100.0,581,54,69.43,33.83,1,16,3,7.09,92.33,1
IND_MINE_0113,West Bengal,Underground,Anthracite,11,85.09,-1.14,5,62,2,83.76,4,1,0,5,12,4,4,2,1,4,17.78,36,7,12.35,87.23,86.97,3,0,4,0,8,3,21.61,0,0,0,10,51,82.35,25.54,5,12,1,1.14,85.97,4
IND_MINE_0114,West Bengal,Mixed,Anthracite,41,99,-7.71,2,33,0,95.94,10,1,3,4,22,5,3,3,1,1,-11.57,34,3,28.2,95.2,85.27,0,0,3,0,1,1,25.56,4,1,25.0,470,129,75.3,23.45,0,10,4,8.99,100,3
IND_MINE_0115,West Bengal,Mixed,Anthracite,18,67.15,11.25,0,81,2,73.56,18,1,5,11,28,16,16,0,0,1,16.45,39,18,21.39,71.11,70.54,6,1,7,0,5,1,-1.44,6,4,66.67,344,60,61.24,34.93,5,20,2,7.93,88.14,0
IND_MINE_0116,West Bengal,Underground,Anthracite,30,80.12,23.54,3,9,1,82.85,15,1,6,4,18,2,1,2,0,7,-2.1,26,9,10.79,73.73,55.76,9,1,7,0,1,3,-2.74,1,0,0.0,390,159,86.51,8.62,3,12,6,6.58,100,5
IND_MINE_0117,West Bengal,Mixed,Sub-Bituminous,52,76.81,-1.89,4,12,1,87.15,8,2,0,6,16,7,1,1,1,1,17.03,38,8,5.45,78.93,63.33,8,0,2,0,3,2,39.52,0,0,0,237,296,72.92,33.92,3,15,7,4.91,78.96,5
IND_MINE_0118,West Bengal,Underground,Sub-Bituminous,43,76.13,4.93,5,39,0,89.86,10,0,8,6,18,3,0,3,0,5,27.13,22,7,8.42,79.14,69.25,9,0,5,0,2,2,15.18,2,2,100.0,513,25,87.53,18.72,4,8,4,2.16,96.57,5
IND_MINE_0119,West Bengal,Underground,Coking Coal,45,79.2,3.87,0,73,4,77.57,9,2,3,5,9,2,0,3,0,2,23.85,21,3,19.65,80.78,74.58,0,0,2,0,1,1,11.29,0,0,0,410,111,82.28,24.17,9,14,8,7.23,80.53,2
IND_MINE_0120,West Bengal,Underground,Sub-Bituminous,63,83.75,2.49,0,68,3,79.38,14,0,5,10,22,15,9,3,2,7,4.74,36,11,20.76,76.6,72.55,6,3,8,0,8,0,-0.47,2,0,0.0,304,152,71.5,34.12,5,3,2,4.0,83.66,3
IND_MINE_0121,West Bengal,Opencast,Sub-Bituminous,66,82.63,-11.86,2,82,0,91.0,4,0,2,4,7,2,2,3,1,5,-13.34,10,3,21.45,76.24,62.67,1,1,2,0,4,2,20.76,8,2,25.0,68,240,89.45,15.72,0,8,5,9.96,100,5
IND_MINE_0122,West Bengal,Opencast,Coking Coal,55,86.89,-11.01,4,88,1,79.46,4,2,2,11,26,4,3,0,0,6,18.71,36,8,28.43,77.31,65.81,3,0,2,0,4,2,-7.78,4,1,25.0,617,324,64.04,34.86,10,19,4,2.53,84.11,1
IND_MINE_0123,West Bengal,Underground,Sub-Bituminous,21,89.26,-3.43,2,11,0,92.97,3,2,1,12,15,6,5,5,1,3,-1.53,37,2,18.68,86.46,84.24,4,2,2,0,4,2,-7.23,2,0,0.0,690,293,61.25,44.41,0,7,10,8.21,80.83,3
IND_MINE_0124,West Bengal,Mixed,Sub-Bituminous,59,83.43,7.68,1,40,2,77.09,10,0,0,4,14,6,1,0,0,2,-14.68,21,7,28.91,84.75,82.64,8,2,8,0,0,1,29.12,7,2,28.57,247,10,90.69,16.16,0,3,1,3.64,96.93,4
IND_MINE_0125,West Bengal,Opencast,Anthracite,18,92.62,-6.78,2,34,0,95.86,18,0,5,11,17,13,6,5,2,0,-16.36,30,10,31.86,77.38,75.08,2,0,0,0,0,0,-22.96,3,3,100.0,306,122,77.01,30.35,3,9,2,3.38,77.98,0
IND_MINE_0126,West Bengal,Mixed,Sub-Bituminous,63,76.58,-5.64,2,68,2,84.99,15,1,5,9,23,4,4,6,0,2,-1.08,40,10,31.93,87.05,75.6,0,0,0,0,0,0,-10.1,4,2,50.0,126,173,78.26,25.9,2,3,0,8.14,88.92,5
IND_MINE_0127,West Bengal,Underground,Non-Coking Bituminous,42,79.28,-7.96,1,14,1,88.67,1,0,1,1,4,1,0,1,1,4,22.37,5,2,33.29,68.18,53.08,5,0,4,0,2,1,10.79,3,0,0.0,360,65,92.74,4.51,8,12,6,2.94,81.96,5
IND_MINE_0128,West Bengal,Underground,Sub-Bituminous,47,82.07,5.85,2,76,1,83.19,18,0,4,6,20,2,0,3,1,0,-10.24,44,21,10.1,66.07,64.64,1,3,6,0,6,2,32.54,1,0,0.0,300,256,84.49,22.34,8,3,6,1.85,75.0,2
IND_MINE_0129,West Bengal,Mixed,Anthracite,59,67.12,2.6,4,52,1,94.22,15,0,3,1,4,1,1,0,0,3,15.74,8,3,14.24,82.48,78.09,1,0,5,0,1,3,-23.96,1,1,100.0,110,320,91.73,12.68,6,14,5,2.98,72.36,4
IND_MINE_0130,West Bengal,Underground,Sub-Bituminous,56,88.94,-13.68,5,0,0,88.59,17,0,0,2,6,1,0,2,1,2,17.76,24,8,25.78,82.71,78.78,1,0,0,0,0,0,30.85,3,3,100.0,494,25,87.1,19.22,10,1,5,3.72,100,4
IND_MINE_0131,West Bengal,Underground,Coking Coal,34,82.73,5.93,5,87,2,87.06,18,0,1,3,13,11,0,2,2,5,11.69,15,1,15.37,96.57,94.48,1,0,3,0,6,1,-1.94,7,2,28.57,376,354,95.15,2.63,3,5,7,8.47,79.46,0
IND_MINE_0132,West Bengal,Mixed,Anthracite,16,70.77,11.63,2,80,1,91.04,14,0,6,12,19,7,2,6,2,2,-14.08,43,21,29.38,66.98,60.54,5,1,2,0,1,0,-5.42,5,2,40.0,605,274,77.4,21.39,9,11,8,8.02,78.57,2
IND_MINE_0133,West Bengal,Underground,Non-Coking Bituminous,60,75.02,6.04,0,0,4,68.88,2,0,1,1,13,5,3,2,1,3,-19.15,13,1,24.32,85.01,73.67,0,0,3,0,5,3,4.25,1,1,100.0,722,90,84.3,18.43,10,5,1,9.5,81.37,4
IND_MINE_0134,West Bengal,Underground,Coking Coal,21,80.59,0.32,5,14,2,81.76,17,0,4,5,14,14,12,4,1,4,21.22,24,11,33.44,73.99,63.61,6,1,3,0,3,3,-5.73,7,2,28.57,107,32,73.12,25.36,0,3,6,2.7,100,0
IND_MINE_0135,West Bengal,Mixed,Sub-Bituminous,17,86.78,3.88,2,51,0,87.68,17,0,5,1,6,1,1,6,2,0,30.93,29,11,23.14,70.37,65.11,8,3,9,0,8,0,-23.08,8,0,0.0,87,339,91.81,3.39,2,13,1,6.77,88.99,3
IND_MINE_0136,West Bengal,Opencast,Anthracite,52,99,8.52,5,29,1,88.07,10,0,7,7,11,8,4,6,2,5,-4.47,18,7,3.66,70.7,54.38,6,0,6,1,0,1,16.06,1,0,0.0,308,50,76.04,29.77,6,13,3,1.79,52.35,2
IND_MINE_0137,West Bengal,Opencast,Non-Coking Bituminous,17,92.93,-0.72,0,82,0,99.21,3,0,3,9,18,1,1,0,0,6,-10.51,22,3,33.18,91.01,89.34,11,1,3,0,6,0,-12.94,6,1,16.67,487,67,76.7,27.15,4,1,8,5.17,97.09,2
IND_MINE_0138,West Bengal,Mixed,Anthracite,22,79.6,-4.46,4,54,0,98.55,7,0,0,6,17,2,1,1,1,5,12.38,28,5,27.7,79.81,72.9,11,1,5,0,6,3,-21.83,2,0,0.0,354,159,87.91,8.44,8,18,9,7.11,83.66,4
IND_MINE_0139,West Bengal,Opencast,Sub-Bituminous,51,87.7,-0.26,5,11,2,87.37,1,0,1,5,11,7,0,1,0,4,-15.86,33,11,11.69,79.07,78.53,3,2,3,0,1,1,9.91,0,0,0,440,326,85.33,19.94,1,13,5,7.26,86.46,2
IND_MINE_0140,West Bengal,Opencast,Non-Coking Bituminous,45,91.97,6.83,1,20,1,78.03,10,2,8,13,27,16,16,3,2,5,-11.44,29,11,12.21,67.93,56.17,6,1,5,0,1,0,9.02,7,6,85.71,562,302,57.4,47.62,9,6,2,9.32,73.42,2
IND_MINE_0141,West Bengal,Opencast,Coking Coal,53,68.74,2.98,1,31,2,80.68,3,0,3,12,30,6,0,0,0,2,9.71,36,16,0.42,67.57,67.0,2,0,6,2,7,3,34.53,4,4,100.0,685,287,77.69,20.65,6,8,4,9.4,90.28,1
IND_MINE_0142,West Bengal,Underground,Anthracite,8,58.19,-6.03,1,25,0,93.38,10,1,3,6,17,6,3,3,2,4,-11.22,41,8,25.27,88.25,86.21,8,0,1,0,2,1,-4.65,0,0,0,680,179,83.42,23.53,8,20,8,9.06,71.58,5
IND_MINE_0143,West Bengal,Opencast,Non-Coking Bituminous,33,81.45,8.31,4,89,0,88.08,9,0,2,5,14,11,9,2,1,4,25.52,29,2,16.02,92.1,75.3,11,0,4,0,7,3,-1.67,6,1,16.67,645,127,85.37,22.16,4,19,9,5.61,68.26,3
IND_MINE_0144,West Bengal,Opencast,Coking Coal,48,80.3,-5.31,5,74,0,85.76,11,1,0,3,18,18,6,4,0,0,5.17,30,3,10.47,92.28,87.44,0,1,2,0,2,1,35.87,4,0,0.0,397,182,82.51,17.2,7,8,6,1.81,89.98,4
IND_MINE_0145,West Bengal,Mixed,Sub-Bituminous,71,70.82,6.36,3,86,1,92.83,18,0,0,9,12,5,4,0,0,3,30.41,25,4,34.32,83.19,72.51,3,0,4,0,5,2,3.05,6,5,83.33,473,8,83.25,24.58,8,9,4,4.96,85.69,0
IND_MINE_0146,West Bengal,Mixed,Coking Coal,64,77.53,16.82,3,89,2,77.74,16,2,6,10,20,14,9,2,1,6,32.89,25,7,22.42,81.63,81.09,0,0,1,0,2,0,22.41,0,0,0,680,21,65.5,34.64,0,0,5,1.96,80.33,4
IND_MINE_0147,West Bengal,Mixed,Coking Coal,63,69.6,2.78,1,89,2,78.21,17,1,1,11,20,14,13,6,1,5,7.62,43,1,34.28,98.5,98.35,10,3,3,0,1,0,16.7,7,4,57.14,447,240,62.39,43.53,9,3,9,1.25,75.5,3
IND_MINE_0148,West Bengal,Mixed,Coking Coal,30,74.24,-0.07,5,28,1,85.48,4,2,2,8,10,6,0,5,0,6,13.05,12,5,23.82,70.79,69.38,8,0,2,0,4,2,33.99,6,3,50.0,17,236,76.66,30.72,5,20,5,4.15,59.65,1
IND_MINE_0149,West Bengal,Mixed,Anthracite,22,85.59,7.28,1,31,0,89.78,6,3,3,4,14,10,4,4,2,0,-6.5,34,10,6.57,73.74,58.73,2,1,6,0,6,1,-17.41,8,4,50.0,131,91,73.37,31.29,6,6,1,2.25,66.08,2
IND_MINE_0150,West Bengal,Underground,Non-Coking Bituminous,12,60.63,0.23,4,76,1,84.13,4,0,4,3,9,5,5,6,1,7,16.19,15,7,0.17,71.93,58.15,5,0,3,0,5,0,-20.92,2,2,100.0,470,209,86.08,10.63,2,17,3,9.57,92.13,2
IND_MINE_0151,West Bengal,Underground,Non-Coking Bituminous,17,74.13,2.43,1,44,1,88.29,13,0,4,1,15,0,0,2,0,5,25.84,22,11,11.99,66.55,57.1,9,0,3,0,0,2,8.29,6,5,83.33,60,120,97.43,9.5,9,18,0,2.51,100,4
IND_MINE_0152,West Bengal,Opencast,Sub-Bituminous,51,99,2.43,0,11,0,96.97,4,0,4,6,16,0,0,2,0,4,-6.4,23,4,18.78,89.41,71.6,5,0,5,0,7,1,-14.27,7,2,28.57,562,235,81.54,15.38,2,10,9,8.57,86.88,1
IND_MINE_0153,West Bengal,Mixed,Anthracite,45,92.46,1.28,0,6,4,74.99,11,1,4,4,17,3,3,1,1,2,34.52,31,11,13.19,78.65,60.77,1,1,1,0,0,1,-0.96,8,6,75.0,383,4,80.79,14.99,2,14,7,2.83,89.65,0
IND_MINE_0154,West Bengal,Mixed,Anthracite,60,70.32,-4.86,1,6,1,87.77,1,1,0,6,18,3,3,6,2,0,7.71,26,8,1.3,78.63,64.39,4,1,1,0,1,1,29.65,1,0,0.0,574,99,81.25,21.93,6,1,5,8.02,78.97,4
IND_MINE_0155,West Bengal,Underground,Anthracite,33,75.24,-1.83,0,77,3,68.55,7,0,3,12,26,0,0,3,0,3,20.69,27,1,0.24,86.75,72.81,11,1,2,0,4,0,22.21,6,5,83.33,643,287,71.94,26.09,6,2,4,3.78,73.42,0
IND_MINE_0156,West Bengal,Mixed,Coking Coal,23,80.64,-4.27,5,16,1,86.21,11,1,5,12,19,6,0,3,2,5,-13.53,38,1,21.07,89.99,87.59,11,3,3,0,6,2,26.2,3,3,100.0,189,127,75.71,24.18,7,5,5,3.63,79.77,5
IND_MINE_0157,West Bengal,Mixed,Anthracite,26,70.51,5.5,2,25,1,84.72,9,1,2,7,24,24,22,3,0,3,24.29,46,9,21.83,76.25,66.62,2,0,0,0,0,0,35.37,8,4,50.0,575,251,61.17,36.81,1,19,8,9.08,86.56,3
IND_MINE_0158,West Bengal,Mixed,Coking Coal,74,78.38,2.2,1,36,2,72.54,6,0,0,8,12,12,12,2,2,1,10.3,23,7,4.76,76.62,68.95,5,0,0,0,0,0,-20.27,2,1,50.0,649,9,67.43,36.12,6,1,2,7.56,73.6,5
IND_MINE_0159,West Bengal,Opencast,Non-Coking Bituminous,75,81.88,-5.1,5,62,2,74.01,13,0,7,4,7,4,1,5,2,5,22.93,25,1,29.14,86.53,81.95,2,0,6,0,0,2,8.35,4,2,50.0,41,21,86.88,14.33,4,17,7,6.04,100,4
IND_MINE_0160,West Bengal,Opencast,Anthracite,27,76.46,24.09,4,63,2,87.68,7,0,7,5,12,8,4,1,0,3,-16.95,14,5,30.62,82.7,81.12,1,2,4,0,1,3,23.52,6,3,50.0,613,358,85.81,9.7,8,20,6,1.96,92.26,5
IND_MINE_0161,West Bengal,Underground,Anthracite,58,59.73,5.41,4,50,0,96.97,3,0,3,0,16,10,8,6,0,5,-15.5,34,15,24.51,66.49,61.45,5,1,5,0,1,1,27.39,5,0,0.0,477,186,88.02,14.54,8,3,7,2.98,80.93,0
IND_MINE_0162,West Bengal,Underground,Coking Coal,20,85.1,4.24,0,65,4,79.47,13,1,6,5,21,19,12,3,2,6,25.6,24,7,14.55,77.7,66.54,0,0,2,0,0,0,-3.85,7,4,57.14,350,199,71.28,23.99,10,2,2,4.15,94.96,1
IND_MINE_0163,West Bengal,Underground,Sub-Bituminous,39,63.44,-9.05,4,53,2,87.24,9,0,6,4,10,1,1,5,2,7,3.87,30,2,16.69,89.33,75.4,0,2,7,0,8,3,-7.09,6,4,66.67,321,341,84.93,10.7,8,7,7,4.53,97.5,2
IND_MINE_0164,West Bengal,Opencast,Coking Coal,25,66.79,-4.03,3,26,0,89.87,4,0,4,8,25,5,1,4,1,6,-14.7,34,17,25.26,72.3,68.72,5,1,1,0,1,1,-5.55,1,1,100.0,173,204,80.78,14.51,1,13,4,2.08,65.29,3
IND_MINE_0165,West Bengal,Opencast,Non-Coking Bituminous,75,86.38,-1.65,3,46,2,72.88,10,1,2,3,19,5,5,0,0,4,24.42,30,3,27.35,93.63,86.59,0,3,5,0,0,3,25.33,0,0,0,310,253,77.49,29.24,6,3,0,5.7,86.27,0
IND_MINE_0166,West Bengal,Underground,Coking Coal,38,66.08,-2.5,5,16,2,86.99,2,2,0,14,30,23,20,6,2,0,30.38,51,23,31.01,66.97,51.25,3,0,2,0,4,2,14.4,5,0,0.0,510,243,42.41,57.09,2,5,9,3.75,94.92,1
IND_MINE_0167,West Bengal,Mixed,Non-Coking Bituminous,71,80.99,15.41,0,77,4,68.94,10,1,4,6,24,18,7,2,1,4,16.76,46,7,32.97,84.63,80.27,8,0,3,0,3,2,30.63,0,0,0,488,89,72.86,25.92,10,14,7,7.84,86.98,3
IND_MINE_0168,Madhya Pradesh,Underground,Non-Coking Bituminous,44,78.36,25.9,3,59,0,90.63,12,0,1,6,19,18,13,6,1,7,-5.45,21,3,4.9,93.19,88.95,12,0,5,0,8,1,-19.31,6,0,0.0,215,6,72.19,29.73,10,12,4,9.23,82.33,3
IND_MINE_0169,Madhya Pradesh,Mixed,Coking Coal,21,61.26,4.71,0,83,2,86.03,10,0,3,10,15,7,0,6,1,6,-13.07,21,10,30.37,78.51,64.86,11,0,2,0,4,2,39.4,5,3,60.0,388,278,77.67,25.44,5,2,5,6.99,71.42,1
IND_MINE_0170,Madhya Pradesh,Underground,Non-Coking Bituminous,48,72.21,10.59,2,9,0,84.28,3,0,3,0,4,0,0,1,0,4,-17.38,7,0,25.56,92.78,89.93,6,1,5,0,1,0,22.57,8,8,100.0,98,139,92.73,4.53,4,6,8,2.45,82.78,3
IND_MINE_0171,Madhya Pradesh,Opencast,Sub-Bituminous,67,84.55,0.55,5,38,2,76.09,4,0,2,0,6,3,3,0,0,3,-16.13,27,8,0.06,83.13,66.93,2,2,4,0,1,0,10.01,8,3,37.5,100,221,91.31,14.04,9,2,3,6.79,84.32,4
IND_MINE_0172,Madhya Pradesh,Opencast,Sub-Bituminous,32,81.1,-9.07,0,53,4,76.8,12,0,2,3,10,5,4,4,0,3,11.91,16,6,20.26,82.8,82.06,11,0,0,0,0,0,-15.9,6,5,83.33,67,89,87.76,17.47,3,0,8,7.61,79.39,5
IND_MINE_0173,Madhya Pradesh,Mixed,Non-Coking Bituminous,43,97.13,-1.86,0,11,3,69.98,2,0,2,8,16,7,5,5,2,2,-8.57,20,2,23.44,95.16,81.48,5,1,5,0,3,0,-7.05,6,5,83.33,661,247,84.66,12.92,9,4,10,7.8,81.67,1
IND_MINE_0174,Madhya Pradesh,Opencast,Anthracite,59,95.62,3.56,0,20,2,82.08,4,0,4,6,9,7,4,3,2,7,10.32,25,7,14.94,83.97,81.06,5,0,2,0,1,1,30.74,5,0,0.0,591,65,81.62,26.12,8,0,1,5.69,64.35,4
IND_MINE_0175,Madhya Pradesh,Underground,Coking Coal,45,79.87,8.71,2,30,1,89.07,3,1,0,10,21,6,0,0,0,7,26.58,23,6,33.33,75.66,64.25,9,0,3,0,5,0,18.86,8,5,62.5,187,139,70.0,25.89,10,9,4,8.51,64.01,1
IND_MINE_0176,Madhya Pradesh,Underground,Sub-Bituminous,31,91.96,-13.85,5,28,1,89.04,7,0,4,7,12,9,9,5,0,6,3.4,19,3,28.48,84.45,68.71,1,0,5,0,8,2,4.02,4,0,0.0,272,279,75.16,26.03,3,6,5,8.96,72.41,1
IND_MINE_0177,Madhya Pradesh,Opencast,Sub-Bituminous,36,77.5,0.28,1,50,1,77.2,13,1,4,6,8,8,5,1,1,1,27.99,30,10,9.43,77.44,70.98,5,0,0,0,0,0,-15.26,7,3,42.86,197,291,70.62,34.31,3,20,6,9.75,78.42,0
IND_MINE_0178,Madhya Pradesh,Mixed,Coking Coal,28,82.03,-2.56,3,58,1,78.3,18,1,7,2,9,4,2,5,0,7,-12.59,28,7,0.53,77.22,71.8,7,0,1,0,1,0,7.44,7,6,85.71,135,224,78.86,23.98,3,11,2,3.73,67.99,5
IND_MINE_0179,Madhya Pradesh,Underground,Coking Coal,53,77.5,14.27,5,65,2,86.68,18,0,2,12,22,22,22,1,0,1,-4.2,29,8,6.2,80.05,78.8,1,1,6,0,0,0,37.57,0,0,0,130,73,54.57,47.05,2,9,3,5.43,70.67,0
IND_MINE_0180,Madhya Pradesh,Mixed,Coking Coal,34,60.43,-4.32,0,90,2,82.33,7,2,5,14,30,1,0,3,2,6,23.04,50,22,7.75,74.82,65.66,4,0,4,0,2,0,-21.37,4,2,50.0,156,254,58.56,38.63,1,4,9,6.09,78.29,4
IND_MINE_0181,Madhya Pradesh,Opencast,Coking Coal,43,84.15,-7.46,4,71,1,83.88,4,1,3,6,10,7,5,0,0,5,-8.37,27,12,14.56,79.4,70.58,1,2,2,0,2,1,-18.59,7,1,14.29,68,228,71.41,35.38,10,19,10,8.37,97.54,3
IND_MINE_0182,Madhya Pradesh,Mixed,Non-Coking Bituminous,37,99,8.5,0,60,3,76.0,10,0,8,2,14,2,0,1,0,1,21.72,20,1,20.99,94.8,92.11,7,1,2,0,2,1,-14.21,7,1,14.29,712,324,89.42,8.14,8,8,0,7.9,96.27,3
IND_MINE_0183,Madhya Pradesh,Opencast,Non-Coking Bituminous,38,81.84,-1.98,2,20,2,86.36,8,0,2,12,26,25,15,4,1,1,-18.04,38,8,20.0,90.46,76.93,10,0,5,0,8,0,8.08,7,7,100.0,134,309,69.95,31.7,8,2,4,8.74,77.78,1
IND_MINE_0184,Madhya Pradesh,Mixed,Sub-Bituminous,37,63.6,17.66,2,90,2,85.34,10,1,8,4,6,2,1,6,2,1,-4.59,7,2,9.9,82.71,79.93,5,0,6,0,6,2,21.44,1,1,100.0,76,299,83.53,20.94,1,9,6,7.89,81.31,3
IND_MINE_0185,Madhya Pradesh,Underground,Sub-Bituminous,17,84.72,8.37,3,6,2,72.8,8,1,6,4,9,8,1,6,0,5,10.42,24,7,5.7,84.87,72.71,10,0,0,0,0,0,-4.61,1,1,100.0,698,124,88.42,6.81,2,9,10,4.13,78.0,3
IND_MINE_0186,Madhya Pradesh,Underground,Sub-Bituminous,47,81.46,0.38,4,33,2,83.42,16,0,7,10,21,11,4,0,0,7,16.0,46,17,20.71,78.47,63.27,9,0,0,0,0,0,20.88,0,0,0,114,103,76.89,18.7,2,19,2,7.55,90.8,1
IND_MINE_0187,Madhya Pradesh,Underground,Anthracite,71,81.82,-6.19,4,20,0,99.14,6,0,1,10,17,2,0,4,2,4,2.08,39,13,12.06,82.49,69.91,7,2,6,0,4,1,12.38,2,0,0.0,361,227,84.2,23.68,2,5,0,1.79,87.18,0
IND_MINE_0188,Madhya Pradesh,Mixed,Sub-Bituminous,41,70.62,-1.48,4,82,1,92.57,11,0,0,12,26,8,6,4,0,2,-18.17,49,9,6.16,87.3,70.27,11,1,3,0,4,0,-9.78,7,0,0.0,620,360,75.63,30.19,10,10,5,4.17,81.41,5
IND_MINE_0189,Madhya Pradesh,Opencast,Anthracite,45,85.5,29.69,2,21,0,90.56,3,0,0,7,24,19,2,6,1,0,25.44,39,19,18.15,72.21,59.35,12,1,6,0,0,1,-11.02,6,2,33.33,463,340,79.97,23.03,3,16,10,3.91,100,4
IND_MINE_0190,Madhya Pradesh,Mixed,Sub-Bituminous,29,61.1,11.56,5,39,2,74.05,10,0,5,8,25,25,15,4,0,2,-5.79,48,7,5.76,78.89,67.55,6,1,3,0,6,3,29.98,4,0,0.0,610,131,74.57,22.58,8,17,6,9.04,57.94,5
IND_MINE_0191,Madhya Pradesh,Mixed,Non-Coking Bituminous,49,94.35,3.41,4,77,0,91.24,9,1,7,5,15,0,0,1,1,0,10.29,15,1,3.96,88.12,70.85,2,0,4,0,3,0,30.76,0,0,0,429,279,79.99,24.67,4,12,6,7.0,87.32,5
IND_MINE_0192,Madhya Pradesh,Mixed,Sub-Bituminous,17,87.93,-6.0,0,34,0,83.76,17,0,5,2,7,7,5,1,1,0,17.05,16,1,21.09,92.52,91.81,11,1,7,0,2,1,31.63,7,1,14.29,500,47,88.84,8.24,3,11,6,3.51,90.6,4
IND_MINE_0193,Madhya Pradesh,Mixed,Sub-Bituminous,12,83.51,-7.47,3,6,2,76.69,15,2,0,6,13,2,2,3,2,1,6.15,18,7,23.26,72.28,63.66,2,1,7,0,1,1,33.0,5,0,0.0,621,318,75.9,26.11,7,5,6,7.84,72.35,1
IND_MINE_0194,Madhya Pradesh,Underground,Sub-Bituminous,50,77.66,7.42,4,27,1,91.75,6,1,5,6,18,3,1,6,0,3,21.99,36,14,6.85,69.99,66.85,10,0,4,0,6,2,38.85,8,5,62.5,279,28,80.89,24.13,7,4,5,6.31,88.87,3
IND_MINE_0195,Madhya Pradesh,Mixed,Coking Coal,17,88.35,-12.76,2,70,2,72.43,7,0,5,2,16,13,10,4,2,1,-10.71,29,3,31.69,87.07,84.13,12,1,4,0,6,1,-13.21,3,3,100.0,690,246,80.99,14.52,5,6,9,7.14,88.3,4
IND_MINE_0196,Madhya Pradesh,Opencast,Anthracite,63,73.25,-1.37,2,53,2,82.74,6,0,3,11,21,2,2,2,1,0,12.63,25,9,8.13,82.01,79.75,12,0,0,0,0,0,-22.27,0,0,0,113,53,78.92,19.3,8,17,10,5.39,92.71,4
IND_MINE_0197,Madhya Pradesh,Underground,Sub-Bituminous,8,79.85,19.34,4,73,1,77.64,12,0,0,5,9,7,1,2,2,2,-3.31,26,2,26.76,85.81,77.42,2,0,2,0,4,0,-13.44,1,1,100.0,353,299,84.75,12.33,0,12,6,2.64,70.29,1
IND_MINE_0198,Madhya Pradesh,Opencast,Anthracite,40,80.64,24.86,2,88,2,84.36,10,1,2,4,14,8,5,5,1,6,2.4,25,4,19.27,85.24,80.0,11,0,2,0,0,0,36.43,7,7,100.0,407,329,84.18,13.39,7,11,8,2.06,99.78,3
IND_MINE_0199,Madhya Pradesh,Mixed,Non-Coking Bituminous,25,82.93,4.63,3,80,1,94.26,13,0,3,2,20,1,0,5,1,1,26.06,34,8,28.73,85.09,75.26,1,2,7,0,6,2,35.56,1,0,0.0,683,315,95.62,3.46,8,16,10,6.41,85.03,0
IND_MINE_0200,Madhya Pradesh,Underground,Coking Coal,11,83.27,17.17,0,89,0,96.29,12,0,3,9,15,14,13,5,2,1,4.83,17,0,0.55,99.69,82.18,0,0,3,0,6,0,9.01,1,1,100.0,32,360,65.08,39.91,9,7,1,8.76,80.75,3
IND_MINE_0201,Madhya Pradesh,Mixed,Coking Coal,40,85.46,-9.02,4,61,0,82.73,4,1,0,9,21,18,14,5,2,2,0.72,46,7,17.65,79.53,69.1,2,0,1,0,2,1,-15.41,6,5,83.33,433,293,68.23,36.82,2,12,5,3.57,97.28,5
IND_MINE_0202,Madhya Pradesh,Mixed,Non-Coking Bituminous,10,69.63,7.67,0,78,4,79.43,16,0,4,12,26,20,10,1,0,7,-2.25,39,17,21.24,69.65,69.05,3,0,1,0,2,1,37.87,4,4,100.0,103,260,69.1,36.73,8,11,4,6.89,83.57,3
IND_MINE_0203,Madhya Pradesh,Opencast,Non-Coking Bituminous,67,86.03,0.44,1,5,1,92.5,18,0,7,5,10,7,0,0,0,3,-11.42,28,9,18.45,75.0,69.85,11,0,3,0,3,1,-9.48,7,7,100.0,361,114,83.35,12.03,6,2,1,5.27,76.7,5
IND_MINE_0204,Madhya Pradesh,Opencast,Sub-Bituminous,65,69.76,-8.46,2,89,0,95.77,1,0,1,5,14,2,2,6,0,6,-8.76,39,4,28.9,84.92,79.31,7,1,4,0,5,1,2.25,1,0,0.0,666,71,91.04,4.66,8,9,9,5.49,83.09,2
IND_MINE_0205,Madhya Pradesh,Underground,Coking Coal,71,84.99,12.94,0,54,3,76.85,4,1,3,13,29,24,17,1,1,3,2.85,36,15,31.89,76.43,65.56,12,0,6,0,5,3,38.66,6,3,50.0,155,237,56.47,49.07,4,7,3,4.38,80.38,0
IND_MINE_0206,Madhya Pradesh,Mixed,Non-Coking Bituminous,65,90.19,17.89,1,77,1,81.28,1,1,0,15,30,0,0,6,1,2,20.42,45,5,15.32,84.07,72.28,5,2,8,0,3,1,20.92,8,7,87.5,593,229,66.14,39.87,10,16,9,4.1,83.55,0
IND_MINE_0207,Madhya Pradesh,Mixed,Coking Coal,28,88.99,5.72,3,26,2,89.85,5,1,0,11,13,13,6,0,0,3,8.26,16,8,29.58,73.3,69.33,7,0,5,0,7,0,13.11,4,4,100.0,496,279,71.78,28.29,8,18,4,6.56,90.67,1
IND_MINE_0208,Madhya Pradesh,Underground,Non-Coking Bituminous,63,80.99,-6.33,1,72,1,82.66,5,0,0,2,11,6,2,3,1,2,24.05,24,2,33.72,87.82,83.84,10,1,1,0,0,1,-15.87,0,0,0,519,212,94.55,12.86,7,10,8,9.44,98.53,3
IND_MINE_0209,Madhya Pradesh,Mixed,Anthracite,62,93.4,-0.76,5,23,1,79.11,9,0,3,10,26,24,19,1,1,7,-12.81,43,7,18.3,88.53,81.14,6,0,5,0,5,0,10.44,6,4,66.67,684,81,66.9,34.51,1,14,4,5.03,68.59,5
IND_MINE_0210,Madhya Pradesh,Underground,Sub-Bituminous,38,83.9,14.4,0,3,4,77.34,11,0,1,11,14,3,2,6,2,5,30.01,35,6,10.47,78.39,77.16,4,0,6,0,2,3,24.18,8,7,87.5,652,33,79.79,24.52,4,11,6,2.62,93.25,2
IND_MINE_0211,Madhya Pradesh,Underground,Non-Coking Bituminous,56,75.64,10.76,3,5,0,92.2,13,0,1,7,10,2,2,3,1,5,8.19,14,1,4.96,89.65,74.84,9,0,4,0,7,3,37.98,0,0,0,587,139,83.13,20.51,2,0,1,7.62,86.58,0
IND_MINE_0212,Madhya Pradesh,Underground,Non-Coking Bituminous,72,86.08,-5.71,1,27,0,92.94,1,0,1,12,18,4,2,3,1,2,25.21,38,6,21.6,83.26,73.37,8,1,3,0,6,2,-3.31,0,0,0,2,346,70.95,33.49,9,3,2,5.07,43.6,0
IND_MINE_0213,Madhya Pradesh,Underground,Coking Coal,74,91.06,-1.62,4,68,0,97.34,11,2,2,7,22,19,3,0,0,1,1.41,33,1,22.66,98.04,95.24,0,0,6,0,6,2,-3.38,6,0,0.0,294,27,70.75,33.85,6,20,6,9.04,75.62,4
IND_MINE_0214,Madhya Pradesh,Opencast,Coking Coal,58,84.57,0.03,2,51,0,82.44,2,0,2,9,11,3,2,2,0,5,10.31,14,1,6.34,91.92,86.52,8,3,7,0,2,2,-2.03,6,6,100.0,423,321,74.29,29.49,7,3,3,1.2,77.07,0
IND_MINE_0215,Madhya Pradesh,Underground,Sub-Bituminous,52,83.9,7.77,5,79,2,87.12,7,1,5,12,16,4,3,3,0,2,-1.14,27,3,13.22,87.11,80.83,0,0,0,0,0,0,-10.18,2,1,50.0,268,119,68.02,28.41,8,1,6,6.32,76.13,0
IND_MINE_0216,Maharashtra,Underground,Sub-Bituminous,66,99,-9.7,1,15,2,82.72,6,1,3,6,12,11,0,4,0,1,28.39,21,3,6.67,92.94,91.3,4,0,1,0,2,1,21.84,0,0,0,220,166,86.12,15.24,1,14,2,3.34,82.11,3
IND_MINE_0217,Maharashtra,Opencast,Non-Coking Bituminous,32,92.18,13.74,4,68,0,87.55,15,0,2,6,24,21,8,0,0,7,-1.31,39,15,12.86,80.36,66.59,2,0,0,0,0,0,37.79,2,2,100.0,511,133,82.4,17.77,5,14,1,2.74,100,1
IND_MINE_0218,Maharashtra,Opencast,Non-Coking Bituminous,60,91.3,-4.89,1,4,1,90.18,5,0,3,12,21,4,1,4,2,5,11.03,45,15,29.29,81.07,75.7,9,1,3,0,6,1,16.26,0,0,0,626,248,77.74,20.91,8,9,6,7.67,62.86,3
IND_MINE_0219,Maharashtra,Opencast,Sub-Bituminous,51,91.62,6.81,3,81,0,86.41,8,0,1,2,5,0,0,5,2,5,21.84,10,4,30.15,68.25,65.43,3,4,10,0,0,3,-12.01,4,0,0.0,213,305,92.35,5.52,10,13,2,4.78,75.76,5
IND_MINE_0220,Maharashtra,Underground,Anthracite,18,80.65,9.22,3,83,2,86.34,17,1,6,6,10,8,5,2,2,1,16.75,18,5,19.33,72.64,69.31,0,1,6,0,7,2,14.26,2,1,50.0,526,213,79.83,19.04,8,7,5,2.98,83.93,3
IND_MINE_0221,Maharashtra,Mixed,Sub-Bituminous,8,82.25,-6.03,1,6,1,81.05,12,0,7,3,19,15,9,5,2,1,20.06,40,16,13.08,70.18,61.96,8,0,6,0,0,2,14.7,0,0,0,523,92,81.98,21.49,7,1,7,8.8,82.89,4
IND_MINE_0222,Maharashtra,Mixed,Coking Coal,55,94.57,8.89,0,0,3,73.05,14,0,8,0,3,2,2,2,0,3,18.55,20,4,15.38,83.17,75.64,1,0,3,0,2,3,3.25,3,0,0.0,245,324,95.81,1.45,5,20,6,9.93,76.7,5
IND_MINE_0223,Maharashtra,Opencast,Sub-Bituminous,39,78.41,3.77,4,13,2,85.32,10,2,1,4,9,8,8,2,0,3,8.17,16,6,12.04,72.83,71.88,1,0,5,0,8,1,26.3,3,0,0.0,631,189,77.58,19.49,0,5,2,4.08,87.37,1
IND_MINE_0224,Maharashtra,Opencast,Anthracite,69,92.68,18.64,5,0,2,88.25,7,0,7,10,26,10,8,6,1,3,12.7,30,15,0.08,72.1,69.67,11,0,0,0,0,0,-13.87,1,0,0.0,458,86,75.17,26.23,5,17,3,2.59,87.17,0
IND_MINE_0225,Maharashtra,Underground,Non-Coking Bituminous,41,75.2,-14.89,1,22,0,88.67,11,1,3,5,22,19,15,2,1,4,33.68,29,8,33.78,83.43,82.41,3,2,6,0,3,1,-8.95,7,3,42.86,155,90,73.08,30.24,0,4,4,8.22,91.08,3
IND_MINE_0226,Maharashtra,Opencast,Coking Coal,68,99,8.14,1,3,1,91.68,18,1,5,3,8,5,0,6,1,6,-2.91,26,6,26.32,88.78,85.59,7,1,7,0,1,0,22.05,7,2,28.57,210,352,89.7,14.52,10,7,2,3.07,83.72,2
IND_MINE_0227,Maharashtra,Underground,Coking Coal,22,88.6,-1.73,1,25,2,88.21,7,1,6,3,20,0,0,5,2,2,10.67,28,10,5.03,73.73,72.09,12,2,5,1,1,2,1.25,3,1,33.33,223,33,81.65,19.19,2,5,8,8.06,89.55,2
IND_MINE_0228,Maharashtra,Opencast,Coking Coal,23,93.34,8.39,2,18,1,86.42,17,1,1,8,10,6,2,2,1,7,-10.58,27,12,24.15,71.95,61.69,7,0,0,0,0,0,-16.11,7,6,85.71,59,45,77.06,18.34,8,3,3,4.51,73.03,4
IND_MINE_0229,Maharashtra,Underground,Anthracite,27,61.51,-9.77,1,61,0,91.78,14,0,6,1,19,18,6,4,0,0,29.74,32,16,5.58,73.08,60.56,6,2,5,0,4,0,-18.53,5,2,40.0,719,349,86.61,9.33,9,2,5,8.29,78.29,2
IND_MINE_0230,Maharashtra,Opencast,Non-Coking Bituminous,25,75.23,4.83,0,5,4,77.84,1,0,1,10,15,11,3,2,1,1,21.32,36,12,12.54,76.62,59.26,2,1,3,0,6,3,6.66,8,7,87.5,201,113,81.45,17.15,10,13,6,5.43,76.71,1
IND_MINE_0231,Maharashtra,Mixed,Non-Coking Bituminous,17,74.69,4.61,3,9,0,88.4,14,0,4,5,19,11,8,3,2,2,-2.85,24,7,12.54,82.11,76.27,6,0,6,0,5,0,33.78,8,6,75.0,270,148,82.39,21.5,9,0,3,8.4,81.17,5
IND_MINE_0232,Maharashtra,Opencast,Sub-Bituminous,21,78.87,3.77,0,0,2,73.37,6,1,1,11,22,11,6,1,1,4,16.42,33,12,25.93,71.06,62.39,6,0,5,0,5,3,-17.37,4,1,25.0,412,1,72.09,34.46,2,8,2,4.9,70.86,3
IND_MINE_0233,Maharashtra,Opencast,Coking Coal,65,67.38,15.17,0,56,3,81.69,1,0,1,11,28,8,6,3,0,6,32.0,48,21,12.79,77.1,62.55,12,0,2,1,4,0,-13.59,7,6,85.71,433,230,76.19,26.45,7,5,0,4.49,56.09,2
IND_MINE_0234,Maharashtra,Opencast,Non-Coking Bituminous,19,88.11,1.62,1,19,0,92.32,12,0,1,0,15,6,6,1,0,5,17.24,37,7,7.06,76.82,68.67,1,1,5,0,1,3,17.31,5,3,60.0,241,350,92.33,11.56,1,15,3,8.34,70.66,1
IND_MINE_0235,Maharashtra,Underground,Non-Coking Bituminous,24,74.42,15.48,4,6,1,87.75,17,0,1,4,7,4,3,6,2,5,-18.11,18,0,14.61,96.95,88.18,4,1,1,0,2,1,-21.77,4,4,100.0,448,139,81.18,18.63,10,20,9,4.08,90.39,5
IND_MINE_0236,Maharashtra,Opencast,Sub-Bituminous,30,81.62,-5.36,3,15,2,87.74,9,2,0,12,20,15,8,0,0,1,-14.94,43,17,14.14,76.76,68.6,2,0,6,0,4,0,20.78,1,0,0.0,30,220,65.8,36.1,6,19,1,3.01,80.73,2
IND_MINE_0237,Maharashtra,Mixed,Anthracite,13,85.43,-13.32,0,24,0,90.55,16,0,0,1,6,1,0,5,0,2,-1.56,18,1,25.82,87.27,87.23,11,0,4,0,7,2,-17.8,3,3,100.0,159,163,87.42,13.49,8,15,6,7.2,83.1,3
IND_MINE_0238,Maharashtra,Mixed,Coking Coal,64,88.56,8.23,5,21,0,82.32,16,0,6,11,18,4,1,6,2,1,-14.78,34,14,13.57,67.16,53.65,10,0,2,0,4,2,8.52,7,5,71.43,447,164,80.52,16.11,3,2,9,3.66,81.41,5
IND_MINE_0239,Maharashtra,Opencast,Coking Coal,14,79.49,-6.94,2,81,1,94.55,18,2,7,9,19,0,0,6,0,1,25.24,30,14,15.09,70.25,66.08,6,0,0,0,0,0,17.16,2,2,100.0,225,161,73.77,30.84,9,16,0,1.36,76.45,3
IND_MINE_0240,Maharashtra,Mixed,Coking Coal,15,75.01,-0.34,2,74,2,85.31,11,2,0,13,23,11,8,6,2,5,32.12,31,11,3.24,78.73,60.78,1,1,1,0,2,1,28.15,5,1,20.0,456,215,55.96,41.94,4,8,7,3.07,80.39,4
IND_MINE_0241,Maharashtra,Underground,Non-Coking Bituminous,38,84.68,-2.18,0,54,0,86.75,8,0,4,0,3,2,1,3,1,3,-3.74,23,4,17.36,88.05,70.44,1,0,2,0,2,1,28.59,6,6,100.0,460,59,94.46,12.91,1,18,3,1.14,86.85,4
IND_MINE_0242,Maharashtra,Mixed,Sub-Bituminous,19,79.83,0.33,5,70,2,81.37,13,0,2,5,15,15,1,4,2,3,2.91,34,14,29.97,70.63,64.57,10,2,8,0,1,0,-18.74,4,1,25.0,728,337,84.34,18.59,0,16,2,7.92,88.85,2
IND_MINE_0243,Maharashtra,Underground,Anthracite,10,76.07,-6.21,3,19,2,83.06,4,0,4,9,22,4,3,3,1,2,1.69,27,11,30.22,78.41,73.13,5,0,0,0,0,0,19.72,5,2,40.0,308,111,84.39,20.32,6,16,6,8.04,90.95,5
IND_MINE_0244,Maharashtra,Mixed,Coking Coal,10,92.53,6.82,5,22,0,96.45,13,0,4,1,6,1,0,0,0,2,30.05,20,8,32.32,68.67,64.1,6,1,2,0,4,2,-14.56,8,7,87.5,389,202,88.42,18.14,1,1,3,3.7,65.29,5
IND_MINE_0245,Maharashtra,Underground,Sub-Bituminous,50,78.67,-3.29,3,50,2,73.83,3,2,1,10,19,16,14,4,0,3,-10.75,32,1,33.96,95.66,83.61,5,1,3,0,0,1,-9.43,4,3,75.0,441,34,57.19,44.28,0,2,3,5.77,82.84,3
IND_MINE_0246,Maharashtra,Underground,Non-Coking Bituminous,10,65.3,23.8,3,70,0,96.21,5,3,2,6,10,8,3,2,1,7,-4.06,15,4,26.07,82.61,72.94,6,0,3,0,5,0,29.03,4,4,100.0,191,198,62.72,39.63,3,16,1,6.86,83.35,4
IND_MINE_0247,Maharashtra,Opencast,Non-Coking Bituminous,26,73.15,-1.1,5,66,0,82.13,4,0,4,1,12,8,3,3,0,5,-19.53,35,11,21.01,77.59,68.93,9,1,7,0,8,0,30.2,1,0,0.0,295,153,85.55,15.0,9,17,9,4.01,72.8,5
IND_MINE_0248,Maharashtra,Underground,Non-Coking Bituminous,37,78.7,-0.81,0,88,2,75.08,13,1,2,6,21,12,10,2,2,7,-9.84,42,9,5.0,90.12,86.52,10,0,5,1,8,3,20.69,8,1,12.5,25,340,68.92,32.69,1,10,7,6.65,76.6,1
IND_MINE_0249,Maharashtra,Opencast,Anthracite,37,78.57,-10.42,0,6,3,74.01,10,1,3,13,26,4,2,3,0,3,16.09,46,5,2.96,93.54,82.31,3,0,5,0,7,1,9.32,6,1,16.67,524,226,67.33,38.67,4,19,2,7.23,92.01,2
IND_MINE_0250,Maharashtra,Underground,Non-Coking Bituminous,45,68.33,8.51,4,78,2,80.9,7,0,0,10,24,4,2,6,0,3,-16.76,34,15,11.61,76.56,64.69,9,1,4,0,1,1,14.54,7,0,0.0,225,258,78.24,29.06,5,17,5,9.97,81.93,1
IND_MINE_0251,Maharashtra,Underground,Anthracite,75,85.73,-3.11,1,28,1,78.98,13,0,5,1,12,12,4,3,2,6,4.01,32,15,25.97,72.0,61.97,11,0,5,0,0,3,2.58,8,8,100.0,433,59,87.39,13.32,2,13,3,8.58,57.1,0
IND_MINE_0252,Maharashtra,Underground,Coking Coal,69,85.48,5.06,5,12,1,94.66,4,0,4,0,12,4,2,2,1,7,-11.03,34,14,10.98,72.81,69.19,10,0,6,0,8,3,17.66,1,0,0.0,693,318,94.03,9.82,7,0,6,3.91,89.42,4
IND_MINE_0253,Maharashtra,Underground,Anthracite,47,75.81,1.81,5,39,1,84.71,9,2,7,1,8,4,4,4,0,2,-13.87,21,1,34.96,85.07,84.47,2,0,6,0,0,3,-18.84,0,0,0,7,347,83.71,20.83,9,8,8,1.04,73.34,5
IND_MINE_0254,Maharashtra,Mixed,Anthracite,28,64.89,14.58,0,5,4,77.32,10,0,2,4,8,5,1,0,0,1,24.04,15,5,15.63,76.53,67.28,0,0,1,0,2,0,2.68,4,0,0.0,179,356,93.52,7.66,0,8,4,8.16,95.46,0
IND_MINE_0255,Maharashtra,Underground,Anthracite,58,66.25,12.65,0,35,1,83.58,18,0,2,1,13,10,8,6,0,5,-4.29,35,14,26.94,69.96,63.92,3,0,3,0,0,3,11.0,0,0,0,333,83,80.34,18.54,9,3,6,3.97,100,2
IND_MINE_0256,Maharashtra,Mixed,Coking Coal,74,98.09,2.44,3,44,0,86.61,17,3,1,15,30,14,10,1,1,6,9.56,42,2,5.03,85.42,76.86,9,1,5,0,4,0,17.4,8,2,25.0,504,284,48.97,48.33,8,7,2,2.45,91.17,0
IND_MINE_0257,Maharashtra,Opencast,Non-Coking Bituminous,33,75.77,-2.93,0,81,1,89.87,15,0,2,2,12,11,4,2,1,3,14.14,14,4,24.95,75.38,65.06,4,0,3,0,6,1,-15.81,2,2,100.0,306,195,90.32,16.05,7,5,2,6.62,90.51,1
IND_MINE_0258,Maharashtra,Underground,Coking Coal,35,71.32,-8.65,3,59,1,82.34,1,1,0,11,18,4,3,1,1,0,25.01,38,18,25.46,69.25,65.27,4,0,1,0,2,1,3.96,0,0,0,609,102,73.9,28.24,4,20,1,6.64,72.55,0
IND_MINE_0259,Maharashtra,Underground,Coking Coal,8,76.05,-0.2,5,35,1,86.41,10,2,3,4,6,2,0,0,0,5,31.58,25,0,5.49,86.69,69.34,11,0,5,0,8,0,-1.88,8,3,37.5,673,68,78.78,19.94,6,16,6,9.59,90.68,4
IND_MINE_0260,Chhattisgarh,Mixed,Coking Coal,36,67.54,29.48,1,72,0,85.66,6,0,4,1,5,5,5,5,1,5,-10.97,14,4,1.99,85.73,69.33,3,0,1,0,2,1,31.19,7,6,85.71,320,275,88.98,11.35,4,15,5,7.39,70.85,0
IND_MINE_0261,Chhattisgarh,Underground,Anthracite,44,73.93,6.08,1,50,0,90.65,15,0,3,5,20,3,2,0,0,2,27.12,32,6,18.46,82.56,77.75,9,0,0,0,0,0,25.19,8,0,0.0,131,76,88.26,17.73,6,18,4,3.04,83.13,2
IND_MINE_0262,Chhattisgarh,Mixed,Anthracite,31,65.6,4.46,1,42,0,95.92,18,0,0,12,15,6,1,0,0,7,-4.4,30,10,21.06,72.21,69.81,4,0,5,0,5,0,13.95,4,3,75.0,309,33,73.58,28.2,7,20,8,3.32,85.72,2
IND_MINE_0263,Chhattisgarh,Opencast,Coking Coal,66,79.64,-8.3,4,66,2,79.53,4,0,4,9,18,11,10,0,0,4,27.17,37,8,12.78,76.25,68.21,6,4,10,0,4,0,35.1,6,6,100.0,275,187,78.82,25.93,7,0,2,2.23,72.37,3
IND_MINE_0264,Chhattisgarh,Underground,Sub-Bituminous,43,88.75,-2.24,1,3,2,72.28,14,1,2,2,17,17,11,6,2,5,-5.18,40,17,5.84,73.85,64.32,3,0,4,0,2,3,4.64,1,0,0.0,504,312,73.96,24.67,10,20,0,2.98,82.47,3
IND_MINE_0265,Chhattisgarh,Mixed,Sub-Bituminous,47,82.05,9.84,1,33,0,94.19,12,0,2,9,21,15,1,6,0,1,12.25,32,1,29.96,93.18,78.17,3,0,6,0,3,1,24.27,3,1,33.33,695,326,78.37,21.81,9,6,10,4.63,93.95,4
IND_MINE_0266,Chhattisgarh,Opencast,Non-Coking Bituminous,56,70.21,2.66,4,46,0,89.13,7,0,1,3,19,9,0,6,2,5,20.02,23,8,8.76,71.01,65.04,2,1,2,0,2,1,5.53,0,0,0,611,148,92.73,5.06,5,18,1,3.36,87.06,2
IND_MINE_0267,Chhattisgarh,Underground,Coking Coal,44,76.89,-12.63,1,50,2,78.86,2,1,1,11,22,4,4,2,1,7,-19.62,34,4,19.43,86.26,80.36,1,0,5,0,8,0,-0.35,5,2,40.0,227,345,69.73,30.86,1,20,7,3.93,89.45,1
IND_MINE_0268,Chhattisgarh,Opencast,Coking Coal,62,82.37,11.13,5,74,1,92.11,11,0,4,5,13,5,0,1,0,5,21.84,20,9,10.32,78.51,67.93,5,3,9,0,1,1,-1.81,8,6,75.0,268,188,91.02,9.09,6,15,0,3.79,86.79,5
IND_MINE_0269,Chhattisgarh,Underground,Anthracite,41,78.17,-7.08,0,16,4,79.99,4,1,3,14,28,6,3,4,1,0,10.62,45,1,10.53,88.16,85.98,10,0,2,0,4,2,-21.05,3,0,0.0,115,35,72.55,28.29,6,2,10,3.51,96.88,0
IND_MINE_0270,Chhattisgarh,Underground,Anthracite,36,68.68,7.8,4,50,1,88.34,17,1,2,2,17,4,0,6,0,7,32.17,28,9,15.0,85.23,76.88,3,0,1,0,2,1,17.92,5,4,80.0,312,19,84.13,12.37,3,9,3,1.36,87.36,2
IND_MINE_0271,Chhattisgarh,Opencast,Coking Coal,20,83.51,6.19,2,53,1,77.28,10,0,0,10,20,9,4,2,2,0,29.19,37,13,14.49,74.16,58.49,10,0,2,1,4,0,2.5,7,3,42.86,698,119,80.18,24.59,7,8,0,7.49,68.93,3
IND_MINE_0272,Chhattisgarh,Mixed,Non-Coking Bituminous,16,82.84,2.2,2,0,2,81.62,18,2,5,11,25,23,19,5,2,3,29.4,35,15,32.54,71.21,58.44,6,1,3,0,6,0,28.01,7,7,100.0,544,312,51.92,55.67,0,4,6,6.51,67.52,0
IND_MINE_0273,Chhattisgarh,Opencast,Non-Coking Bituminous,21,79.68,3.59,5,44,0,92.19,17,1,1,12,17,8,8,4,1,5,9.2,23,8,11.27,84.28,70.57,11,2,5,0,6,0,-8.77,1,1,100.0,602,53,70.39,27.67,1,18,5,9.52,73.13,3
IND_MINE_0274,Chhattisgarh,Underground,Coking Coal,29,72.23,-1.08,5,80,2,74.99,10,0,2,2,17,12,0,6,2,4,30.21,39,8,30.8,89.16,89.05,2,1,4,0,3,2,-2.24,6,3,50.0,53,357,92.63,11.87,4,3,5,7.55,74.11,5
IND_MINE_0275,Chhattisgarh,Underground,Anthracite,8,73.24,-7.92,3,54,0,92.25,10,0,6,12,30,13,13,2,2,4,-14.2,36,7,25.01,90.4,76.85,10,2,6,1,7,3,21.79,7,2,28.57,669,228,61.06,40.92,8,6,4,1.44,95.63,2
IND_MINE_0276,Chhattisgarh,Opencast,Non-Coking Bituminous,15,79.42,4.85,3,68,1,94.62,17,1,3,7,25,1,0,1,1,5,-17.02,25,8,13.97,82.08,81.01,10,0,6,0,0,1,-23.46,3,1,33.33,363,221,84.51,15.18,7,5,4,8.59,59.16,0
IND_MINE_0277,Chhattisgarh,Opencast,Non-Coking Bituminous,74,87.45,10.23,1,28,2,82.55,1,1,0,4,18,6,3,6,1,1,-14.85,37,8,13.54,75.59,64.31,11,0,5,0,7,0,32.85,0,0,0,413,178,83.54,22.76,9,1,8,5.68,71.45,2
IND_MINE_0278,Chhattisgarh,Underground,Sub-Bituminous,39,85.95,-4.95,1,28,1,86.65,6,1,2,14,30,7,6,2,2,3,-10.8,34,11,10.12,82.45,70.13,3,1,4,0,5,0,31.21,4,1,25.0,589,320,63.48,37.22,8,1,0,4.17,98.64,4
IND_MINE_0279,Chhattisgarh,Opencast,Coking Coal,32,76.19,2.96,5,82,0,86.11,11,1,6,9,22,8,0,4,1,0,27.4,45,11,16.1,83.36,81.54,8,3,3,1,6,1,28.61,7,6,85.71,645,172,70.92,25.74,5,1,10,8.62,89.26,0
IND_MINE_0280,Chhattisgarh,Mixed,Sub-Bituminous,27,88.14,-0.75,4,62,1,87.6,6,1,2,14,30,29,6,5,2,5,-10.85,37,14,22.43,68.02,59.3,11,0,1,1,2,0,36.67,3,3,100.0,176,38,62.0,36.39,6,4,2,7.79,93.82,4
IND_MINE_0281,Chhattisgarh,Underground,Non-Coking Bituminous,36,73.23,20.15,1,86,2,72.01,8,2,3,14,28,20,12,5,1,1,-12.56,51,11,0.89,84.56,84.28,0,3,7,0,2,1,1.49,5,0,0.0,484,365,52.17,50.57,5,20,5,2.2,96.16,3
IND_MINE_0282,Chhattisgarh,Underground,Coking Coal,64,58.3,4.24,3,60,0,83.67,9,0,7,7,9,0,0,0,0,0,5.25,20,8,2.67,76.95,66.21,8,1,2,1,0,2,16.53,0,0,0,293,292,88.59,10.08,9,1,7,2.04,100,2
IND_MINE_0283,Chhattisgarh,Underground,Sub-Bituminous,25,75.02,-0.3,2,41,2,73.72,11,0,6,10,24,22,7,0,0,2,-10.64,27,7,19.97,83.37,77.06,12,2,8,0,2,3,36.5,2,2,100.0,402,173,70.69,25.33,2,10,7,8.26,92.98,0
IND_MINE_0284,Chhattisgarh,Mixed,Coking Coal,43,85.18,-2.52,4,60,0,84.75,18,0,7,6,15,9,8,3,0,4,-13.8,36,0,8.22,88.07,80.89,1,2,7,0,3,0,26.89,3,2,66.67,304,360,76.21,21.13,10,9,2,7.55,81.62,0
IND_MINE_0285,Chhattisgarh,Opencast,Anthracite,20,82.91,-13.69,5,38,0,84.48,8,0,5,0,9,2,0,1,0,4,16.49,10,4,29.99,70.27,62.79,10,1,3,0,2,1,17.57,6,1,16.67,613,148,92.4,2.68,9,5,8,9.02,66.29,2
IND_MINE_0286,Chhattisgarh,Underground,Non-Coking Bituminous,26,82.91,9.93,1,23,0,91.39,6,0,6,10,24,8,2,4,0,2,5.2,49,14,14.03,84.76,84.19,0,3,5,0,0,3,-0.96,4,3,75.0,389,222,76.24,27.0,1,3,8,7.35,96.77,3
IND_MINE_0287,Chhattisgarh,Opencast,Sub-Bituminous,46,76.8,7.99,5,48,0,88.03,18,0,6,8,10,10,2,1,1,1,6.31,29,11,20.36,71.2,65.7,0,0,2,0,2,2,19.44,5,0,0.0,421,361,75.8,30.0,9,17,6,2.85,80.48,3
IND_MINE_0288,Chhattisgarh,Underground,Sub-Bituminous,55,89.84,-4.27,5,83,2,76.55,7,0,0,1,18,14,8,1,1,1,-3.82,18,2,30.43,91.5,80.33,3,0,0,0,0,0,25.44,8,1,12.5,638,222,85.4,11.44,2,8,9,3.44,89.85,2
IND_MINE_0289,Chhattisgarh,Mixed,Sub-Bituminous,43,88.67,-6.55,1,23,1,85.69,6,0,6,0,9,4,3,0,0,2,-9.98,16,4,14.3,83.1,73.84,8,1,4,0,1,2,-21.5,5,4,80.0,72,47,94.16,5.45,0,1,0,3.38,86.86,5
IND_MINE_0290,Chhattisgarh,Mixed,Sub-Bituminous,53,84.76,2.1,3,60,0,94.43,9,0,1,1,12,11,4,4,0,4,19.36,31,15,14.8,74.07,60.98,1,0,1,0,0,0,-13.42,6,1,16.67,436,48,91.78,15.11,8,1,6,1.8,78.25,4
IND_MINE_0291,Chhattisgarh,Underground,Non-Coking Bituminous,16,91.37,-0.24,2,0,2,88.8,11,0,7,4,15,3,2,4,2,6,5.7,20,3,16.49,91.31,86.74,12,1,5,0,2,1,22.94,3,2,66.67,380,138,90.98,6.37,8,1,8,5.04,94.24,0
IND_MINE_0292,Chhattisgarh,Opencast,Anthracite,73,77.14,14.92,2,37,2,80.2,13,0,6,12,16,11,0,3,0,7,15.63,20,6,14.28,78.55,77.44,12,1,2,0,4,1,3.03,7,1,14.29,15,331,74.44,33.36,3,15,6,4.24,78.76,3
IND_MINE_0293,Chhattisgarh,Mixed,Non-Coking Bituminous,52,89.06,6.84,0,76,4,69.04,18,3,0,12,18,3,0,4,2,5,17.05,36,4,23.34,91.55,82.93,11,1,4,0,3,2,-18.44,4,3,75.0,599,233,67.59,34.73,0,9,2,7.93,69.53,4
IND_MINE_0294,Chhattisgarh,Opencast,Coking Coal,31,88.01,-10.73,3,35,1,78.38,6,1,5,10,21,18,2,4,0,6,34.62,46,16,17.26,79.69,77.6,3,1,6,0,0,3,-8.28,8,6,75.0,112,179,79.23,19.25,5,17,1,1.2,94.94,0
IND_MINE_0295,Chhattisgarh,Mixed,Sub-Bituminous,50,95.99,3.61,0,6,4,75.27,17,2,5,4,21,2,0,1,1,1,18.62,27,10,32.02,70.55,53.81,11,2,6,0,5,2,38.95,7,0,0.0,353,15,80.72,14.6,4,9,7,9.68,79.97,4
IND_MINE_0296,Chhattisgarh,Underground,Sub-Bituminous,39,64.38,4.46,0,57,0,93.86,9,0,5,8,22,14,2,1,1,0,25.4,43,6,28.48,83.03,78.55,2,2,4,0,5,0,-17.12,3,0,0.0,502,212,75.49,20.52,2,5,1,1.72,76.23,2
IND_MINE_0297,Chhattisgarh,Underground,Anthracite,52,78.2,-3.19,0,48,0,98.04,7,1,6,5,9,8,2,1,1,5,32.45,14,7,11.76,72.33,55.16,5,0,4,0,1,0,20.16,0,0,0,110,233,85.66,13.1,10,11,4,4.37,87.53,1
IND_MINE_0298,Chhattisgarh,Underground,Coking Coal,8,89.96,12.3,0,74,4,77.69,6,0,5,9,20,19,10,4,2,7,-16.52,45,13,19.81,73.89,65.97,9,0,5,0,3,1,-2.73,6,1,16.67,104,250,67.62,35.24,5,20,4,9.0,95.21,0
IND_MINE_0299,Chhattisgarh,Underground,Anthracite,44,79.56,-1.84,3,58,1,85.34,9,1,4,9,11,8,0,0,0,5,-5.85,36,18,0.38,75.94,61.29,11,1,3,0,6,2,2.06,5,5,100.0,157,343,72.5,23.39,6,6,1,1.85,98.47,4
IND_MINE_0300,Chhattisgarh,Underground,Coking Coal,70,82.9,7.42,4,49,2,73.12,8,0,1,4,7,2,2,1,1,6,-3.42,18,2,34.38,80.77,78.15,3,2,5,0,8,1,2.54,5,1,20.0,69,184,89.7,6.26,3,17,10,7.5,94.98,3
IND_MINE_0301,Chhattisgarh,Underground,Non-Coking Bituminous,72,72.97,-6.32,3,7,0,85.13,8,0,6,3,17,5,2,1,1,4,28.15,32,0,5.43,92.66,91.52,11,2,8,0,3,2,-3.7,7,2,28.57,377,305,85.58,16.2,3,1,4,2.3,95.73,0
IND_MINE_0302,Chhattisgarh,Mixed,Non-Coking Bituminous,23,87.78,7.71,0,85,0,88.69,4,0,4,0,18,16,5,5,0,4,23.45,30,6,1.6,89.42,73.62,11,0,0,0,0,0,-0.78,1,0,0.0,183,10,88.73,7.81,7,1,5,9.56,75.67,3
IND_MINE_0303,Telangana,Mixed,Non-Coking Bituminous,8,92.94,12.63,3,71,0,92.91,3,0,3,0,4,0,0,0,0,3,13.61,19,9,31.45,76.83,59.5,10,0,2,0,4,2,4.49,0,0,0,589,162,99,0,9,4,4,4.59,69.32,2
IND_MINE_0304,Telangana,Underground,Coking Coal,12,80.61,6.42,3,2,0,96.3,7,0,7,9,19,2,2,2,2,6,3.08,35,11,18.07,77.92,66.37,9,0,6,0,5,1,23.52,3,0,0.0,164,101,84.05,21.19,1,2,2,5.93,100,3
IND_MINE_0305,Telangana,Mixed,Sub-Bituminous,57,65.82,19.94,4,66,0,85.44,10,0,5,4,11,11,10,1,1,4,19.98,18,1,33.71,84.89,72.68,5,0,2,0,1,2,1.76,0,0,0,680,246,80.29,27.02,8,11,5,9.34,75.75,1
IND_MINE_0306,Telangana,Mixed,Sub-Bituminous,32,78.29,6.11,0,75,3,74.6,7,0,3,7,10,6,3,6,0,5,26.62,31,11,23.41,83.6,75.5,0,1,3,0,0,2,-10.34,6,5,83.33,681,10,82.25,21.5,9,3,4,9.28,77.31,0
IND_MINE_0307,Telangana,Underground,Coking Coal,17,73.61,7.66,3,12,2,80.68,18,1,4,3,21,2,0,2,0,2,-1.15,25,1,32.74,89.98,83.94,5,0,5,0,0,0,-10.77,2,2,100.0,198,304,82.39,18.12,7,14,0,8.3,77.19,4
IND_MINE_0308,Telangana,Opencast,Sub-Bituminous,48,57.55,4.52,1,8,1,88.94,16,0,1,11,14,7,2,5,1,0,-9.04,22,2,6.1,92.45,76.31,7,0,6,0,4,1,30.69,5,0,0.0,19,272,74.71,32.67,6,20,1,6.17,79.61,3
IND_MINE_0309,Telangana,Opencast,Anthracite,23,77.02,-15.98,1,26,0,99.76,4,0,4,6,13,1,0,5,1,7,-16.44,26,3,29.93,88.66,78.88,1,0,4,0,5,3,-14.78,2,1,50.0,265,102,88.38,11.56,7,20,8,7.88,69.27,0
IND_MINE_0310,Telangana,Mixed,Sub-Bituminous,39,82.55,-9.87,0,0,3,75.08,13,2,1,1,3,2,0,3,2,3,20.01,10,4,34.41,67.83,65.57,9,1,3,2,6,2,-15.83,2,2,100.0,60,16,76.65,19.12,0,2,4,9.75,100,0
IND_MINE_0311,Telangana,Underground,Coking Coal,20,79.16,2.37,5,24,1,92.52,9,1,7,8,13,9,6,0,0,2,28.44,20,8,8.51,71.15,66.12,8,0,3,0,4,1,22.56,8,6,75.0,131,40,69.95,27.17,6,18,0,1.91,72.91,1
IND_MINE_0312,Telangana,Mixed,Sub-Bituminous,22,89.39,-4.13,0,67,2,75.82,1,0,1,8,14,8,6,0,0,0,11.42,19,7,2.52,73.99,64.4,2,3,9,0,4,0,22.69,1,0,0.0,595,365,79.98,22.79,9,18,0,6.9,81.67,1
IND_MINE_0313,Telangana,Underground,Anthracite,70,91.08,-2.33,3,89,0,86.54,15,2,8,4,14,13,2,1,1,5,-11.96,26,7,0.64,78.18,61.81,3,0,0,0,0,0,18.95,7,1,14.29,408,241,74.37,32.94,0,15,4,6.91,100,3
IND_MINE_0314,Telangana,Underground,Non-Coking Bituminous,25,87.85,3.55,2,0,2,72.89,12,0,6,4,20,9,6,4,0,3,15.65,34,15,33.62,66.85,56.99,11,1,5,0,0,0,-14.03,4,0,0.0,459,26,81.34,23.4,6,7,1,8.38,100,0
IND_MINE_0315,Telangana,Opencast,Non-Coking Bituminous,38,91.24,15.32,3,69,2,86.53,12,0,4,6,24,14,5,3,0,1,17.72,32,12,0.07,82.27,70.9,1,0,0,0,0,0,6.22,2,1,50.0,719,128,85.98,13.55,10,11,9,9.4,87.75,4
IND_MINE_0316,Telangana,Mixed,Sub-Bituminous,44,73.12,-2.7,1,83,0,87.09,13,0,7,8,13,3,0,3,2,3,12.51,29,13,34.14,70.71,69.31,9,1,1,0,2,1,-5.06,0,0,0,580,337,78.54,20.66,10,5,4,4.44,100,5
IND_MINE_0317,Telangana,Opencast,Coking Coal,30,64.91,11.95,5,59,1,80.17,2,0,2,10,28,15,11,4,1,4,-5.3,40,20,15.59,75.8,64.03,2,1,2,0,4,2,0.85,8,0,0.0,679,1,73.39,25.44,3,20,7,3.05,88.41,2
IND_MINE_0318,Telangana,Mixed,Anthracite,30,74.48,1.8,1,45,2,84.27,7,0,1,6,14,13,3,6,1,1,-19.52,15,2,31.38,89.41,78.85,1,0,0,0,0,0,27.87,8,5,62.5,655,250,82.24,16.94,0,12,8,2.88,100,5
IND_MINE_0319,Telangana,Mixed,Anthracite,49,83.81,19.17,1,77,2,82.53,8,0,1,8,20,12,7,1,1,0,-3.58,38,13,26.12,79.05,70.53,4,1,2,0,2,2,-15.9,4,4,100.0,644,357,78.24,25.05,0,10,10,7.82,77.99,5
IND_MINE_0320,Telangana,Opencast,Anthracite,51,86.54,-1.57,4,6,1,84.37,3,2,1,4,6,6,6,3,0,6,28.29,30,6,22.19,85.38,73.52,4,2,8,0,1,1,-16.0,8,1,12.5,44,101,76.57,19.91,5,16,9,4.18,84.06,3
IND_MINE_0321,Telangana,Opencast,Sub-Bituminous,26,51.08,1.6,2,41,0,87.14,17,0,3,9,26,7,3,6,0,5,-8.11,31,2,33.33,96.13,88.6,10,1,3,0,5,0,-6.95,0,0,0,727,90,74.4,24.71,9,17,0,6.57,81.38,4
IND_MINE_0322,Telangana,Opencast,Non-Coking Bituminous,45,74.34,3.36,5,88,2,72.36,13,1,8,5,22,17,15,6,0,3,21.12,27,0,9.06,91.68,80.34,5,3,8,0,3,3,-24.59,7,2,28.57,524,282,71.47,23.96,3,8,0,9.53,96.23,1
IND_MINE_0323,Telangana,Mixed,Coking Coal,45,87.78,3.74,1,51,1,78.53,18,0,6,0,11,5,2,6,0,2,-17.58,36,15,20.17,68.19,52.99,0,2,2,0,1,2,-12.38,2,1,50.0,101,270,94.42,7.64,3,6,1,1.79,75.66,1
IND_MINE_0324,Telangana,Opencast,Non-Coking Bituminous,64,82.24,9.83,5,19,1,89.78,17,2,4,4,6,6,5,1,1,4,23.34,12,1,33.79,95.05,92.36,6,1,3,0,5,3,26.23,7,7,100.0,524,317,76.31,22.02,6,7,9,7.0,63.78,4
IND_MINE_0325,Telangana,Underground,Coking Coal,40,74.4,7.83,1,42,2,85.82,4,1,3,10,25,15,1,1,1,5,-7.87,43,9,25.58,89.0,87.36,1,1,5,0,4,2,31.61,2,1,50.0,623,110,73.81,27.05,10,14,9,2.7,92.86,5
IND_MINE_0326,Telangana,Mixed,Sub-Bituminous,57,68.77,4.45,4,33,1,80.47,3,0,3,8,14,7,7,5,1,0,-17.73,34,16,27.5,69.86,54.58,3,0,6,0,0,3,22.63,5,2,40.0,608,47,71.93,28.2,10,15,9,4.14,78.49,0
IND_MINE_0327,Telangana,Underground,Sub-Bituminous,21,81.65,5.42,1,79,1,88.48,12,0,6,3,11,11,2,3,2,4,-3.06,27,8,20.44,83.83,67.22,11,1,2,0,4,0,-23.17,4,4,100.0,582,295,84.58,22.09,7,1,1,7.73,59.25,4
IND_MINE_0328,Telangana,Underground,Coking Coal,62,70.1,-1.43,2,38,1,80.16,8,0,1,2,19,8,2,0,0,0,17.37,22,8,29.37,76.19,74.27,4,0,0,0,0,0,-24.45,6,3,50.0,667,120,94.23,4.34,4,19,7,1.13,79.51,3
IND_MINE_0329,Telangana,Opencast,Coking Coal,23,76.54,4.79,0,35,2,87.69,12,0,4,7,19,14,13,2,2,0,-5.77,26,3,18.92,87.62,80.32,8,0,4,0,6,1,34.15,5,2,40.0,196,147,75.76,27.97,7,7,1,7.22,69.82,0
IND_MINE_0330,Telangana,Opencast,Sub-Bituminous,32,82.98,-3.92,4,50,2,82.92,12,0,8,12,18,10,7,1,1,7,8.22,34,9,0.51,82.76,76.0,6,0,3,0,0,2,23.98,8,3,37.5,508,313,67.46,27.93,4,5,5,5.64,68.83,4
IND_MINE_0331,Telangana,Opencast,Coking Coal,74,74.11,-9.84,4,62,2,87.75,3,0,3,1,17,7,2,4,1,5,3.94,39,12,2.4,71.35,56.74,2,1,4,0,3,1,-7.86,7,2,28.57,236,154,90.11,9.51,3,17,3,6.22,86.65,3
IND_MINE_0332,Telangana,Mixed,Non-Coking Bituminous,57,83.06,5.15,3,88,1,84.57,4,2,2,10,17,16,12,6,1,5,-4.82,32,15,26.78,78.9,60.95,4,1,3,0,4,1,39.26,2,2,100.0,154,104,65.62,38.29,9,14,10,8.01,57.2,3
IND_MINE_0333,Telangana,Mixed,Non-Coking Bituminous,11,73.47,8.13,5,42,2,80.91,4,3,1,14,32,10,1,6,2,4,16.83,40,18,13.39,65.2,64.39,5,0,6,0,5,0,16.3,0,0,0,36,257,59.71,48.06,2,4,3,3.33,85.68,4
IND_MINE_0334,Telangana,Underground,Non-Coking Bituminous,55,79.48,1.11,3,59,2,74.97,15,1,3,2,15,6,0,6,1,5,29.14,20,10,34.41,66.22,59.86,11,3,7,0,4,2,-13.14,2,2,100.0,248,261,90.57,16.1,1,8,1,5.95,72.4,5
IND_MINE_0335,Telangana,Mixed,Sub-Bituminous,36,99,-6.79,5,54,0,82.01,2,1,1,4,17,11,8,5,0,4,13.88,21,5,34.22,80.64,62.76,6,1,4,0,2,3,-14.98,2,0,0.0,580,262,78.3,22.27,8,2,8,8.96,80.35,1
IND_MINE_0336,Telangana,Underground,Non-Coking Bituminous,50,65.65,4.03,2,6,2,75.45,1,1,0,3,16,4,3,4,2,2,-0.08,40,11,5.58,79.72,66.05,12,2,5,0,6,1,-1.82,1,0,0.0,496,271,77.93,22.29,9,12,6,6.2,99.78,5
IND_MINE_0337,Telangana,Mixed,Anthracite,54,78.96,27.93,2,85,2,79.79,4,0,2,2,13,11,8,0,0,3,-5.88,18,5,10.85,78.9,64.11,0,0,3,0,4,1,32.22,8,3,37.5,230,311,89.7,15.55,8,8,7,3.19,100,1
IND_MINE_0338,Telangana,Underground,Non-Coking Bituminous,67,79.95,0.69,4,70,2,89.53,16,1,1,13,24,2,1,5,2,3,-12.8,37,5,34.07,82.29,69.68,7,3,3,0,3,0,12.63,0,0,0,623,78,67.42,30.33,1,0,8,5.8,100,1
IND_MINE_0339,Telangana,Underground,Coking Coal,72,99,-17.41,2,28,0,89.06,17,0,5,6,21,16,13,6,1,1,6.99,30,8,12.41,75.9,58.74,8,0,0,0,0,0,-20.46,6,0,0.0,661,120,76.66,28.67,8,0,10,2.73,79.8,0
IND_MINE_0340,Telangana,Opencast,Coking Coal,58,74.94,15.94,4,24,2,79.92,9,3,0,0,17,6,2,2,0,1,32.54,37,12,28.58,84.65,75.51,12,0,2,0,3,2,16.21,8,2,25.0,485,83,78.45,28.78,9,6,3,1.18,74.54,0
IND_MINE_0341,Telangana,Mixed,Non-Coking Bituminous,57,93.62,10.9,5,28,1,79.12,12,0,7,8,22,14,6,3,1,0,20.47,31,5,2.78,89.0,73.65,6,3,5,0,8,1,-24.93,8,7,87.5,354,51,72.86,29.96,1,13,7,9.78,62.16,1
IND_MINE_0342,Odisha,Mixed,Non-Coking Bituminous,64,80.61,16.28,2,28,0,99.64,17,0,7,5,10,4,1,3,0,0,-17.84,30,10,5.93,81.35,80.84,2,2,2,0,1,1,15.79,5,1,20.0,69,113,86.21,18.59,10,13,7,3.88,66.1,3
IND_MINE_0343,Odisha,Opencast,Non-Coking Bituminous,71,84.83,13.85,2,6,1,77.66,11,2,5,6,23,17,9,2,2,4,-8.16,33,4,21.26,82.82,75.45,7,1,3,0,6,1,4.71,1,0,0.0,311,255,72.05,29.31,1,6,7,2.47,86.81,3
IND_MINE_0344,Odisha,Underground,Non-Coking Bituminous,24,82.1,12.68,4,49,2,73.78,9,3,5,13,31,13,11,3,0,2,13.85,47,14,14.73,85.27,76.33,3,1,5,0,5,2,-12.93,8,1,12.5,642,54,46.26,60.55,9,16,3,9.81,85.54,2
IND_MINE_0345,Odisha,Mixed,Non-Coking Bituminous,52,87.08,9.02,2,67,0,87.21,7,2,5,8,15,10,10,6,2,7,-7.54,31,9,6.48,78.31,67.6,10,0,6,0,3,1,25.76,7,6,85.71,202,140,59.0,46.92,4,12,2,2.29,92.49,1
IND_MINE_0346,Odisha,Underground,Sub-Bituminous,68,83.12,5.3,0,44,1,81.42,2,0,2,5,11,10,5,4,2,6,-2.36,13,2,22.93,81.54,64.91,8,0,2,0,4,2,25.9,5,4,80.0,631,159,86.81,9.04,4,16,7,9.93,93.64,4
IND_MINE_0347,Odisha,Mixed,Coking Coal,26,78.85,12.73,5,2,0,99.34,3,0,3,0,5,1,0,1,1,4,9.84,18,1,19.13,88.06,86.46,2,0,4,0,0,0,21.34,5,2,40.0,634,58,94.98,12.85,9,6,8,2.88,90.06,2
IND_MINE_0348,Odisha,Opencast,Non-Coking Bituminous,51,99,9.56,1,11,1,83.37,4,1,3,8,20,12,1,4,2,6,18.86,40,4,21.21,94.42,80.93,11,3,7,0,7,1,-18.68,1,0,0.0,537,302,71.34,27.95,9,19,6,4.4,76.5,5
IND_MINE_0349,Odisha,Opencast,Coking Coal,39,86.4,8.46,2,18,1,88.0,15,1,5,9,25,25,17,6,1,7,16.99,48,18,26.63,71.44,59.45,9,0,1,0,2,0,-15.26,0,0,0,453,25,57.64,43.27,0,18,6,1.71,94.74,1
IND_MINE_0350,Odisha,Underground,Coking Coal,35,80.58,17.73,2,12,0,85.55,13,2,1,8,10,10,10,5,0,0,20.06,21,0,22.37,92.58,77.75,5,2,7,0,5,1,39.1,0,0,0,192,90,65.38,30.43,3,10,3,9.82,77.13,2
IND_MINE_0351,Odisha,Underground,Sub-Bituminous,26,78.54,-11.43,2,66,0,94.83,6,1,2,4,20,7,6,5,2,3,9.9,24,12,26.97,76.96,65.63,4,1,1,0,2,1,39.54,8,4,50.0,529,56,83.06,16.45,8,7,2,7.5,95.59,2
IND_MINE_0352,Odisha,Underground,Non-Coking Bituminous,56,75.2,2.8,3,49,2,86.35,14,0,8,7,10,8,1,4,2,2,9.47,34,7,10.23,84.17,76.01,0,0,6,0,2,0,11.2,7,0,0.0,375,298,87.83,15.59,4,16,7,3.28,73.69,5
IND_MINE_0353,Odisha,Mixed,Sub-Bituminous,32,76.29,-19.62,3,65,0,93.7,12,2,1,6,11,11,9,2,0,7,-4.21,17,0,6.24,96.35,88.99,3,2,2,0,2,2,17.29,0,0,0,625,181,71.75,31.44,2,4,10,3.22,75.06,1
IND_MINE_0354,Odisha,Mixed,Coking Coal,45,88.44,5.17,4,60,1,94.08,9,2,3,14,28,23,2,6,1,0,13.38,41,7,2.0,85.8,74.73,11,2,2,1,2,0,29.22,8,1,12.5,270,312,66.06,30.93,7,16,9,5.01,86.77,2
IND_MINE_0355,Odisha,Opencast,Anthracite,18,59.26,17.93,4,36,1,81.42,12,2,5,9,25,21,2,3,1,7,28.98,37,10,25.71,76.99,72.93,4,0,0,0,0,0,22.07,1,1,100.0,207,76,71.03,25.53,6,12,6,2.73,87.5,0
IND_MINE_0356,Odisha,Mixed,Sub-Bituminous,29,77.22,4.93,0,14,3,72.81,8,1,1,12,14,1,0,4,2,7,21.96,19,7,23.57,71.23,62.23,12,1,6,0,4,0,22.83,5,1,20.0,450,285,73.94,30.68,4,4,9,4.33,76.05,0
IND_MINE_0357,Odisha,Opencast,Coking Coal,46,85.86,15.13,3,22,0,88.88,11,2,2,9,23,13,9,2,1,5,7.39,31,14,18.38,66.93,56.39,7,1,7,0,3,1,-12.52,7,6,85.71,538,99,61.58,39.66,4,6,4,3.25,94.33,1
IND_MINE_0358,Odisha,Underground,Non-Coking Bituminous,75,73.9,8.78,2,58,1,80.35,9,2,1,10,21,3,1,2,1,4,30.38,23,1,5.58,87.73,87.38,11,0,0,0,0,0,-1.75,5,5,100.0,427,107,75.06,29.44,9,13,2,1.76,86.43,0
IND_MINE_0359,Odisha,Mixed,Non-Coking Bituminous,74,84.26,9.9,1,81,1,80.39,14,0,7,3,13,10,6,5,1,5,-17.74,15,6,9.87,81.88,73.26,6,0,5,0,0,0,3.84,2,2,100.0,729,245,88.6,8.16,8,3,8,4.58,84.95,0
IND_MINE_0360,Odisha,Mixed,Coking Coal,9,79.39,-2.98,3,43,0,88.09,17,0,3,6,14,4,3,3,0,7,31.4,25,11,21.46,67.74,56.28,0,0,3,2,1,3,-20.09,7,2,28.57,472,353,85.71,16.72,7,11,9,2.23,64.57,1
IND_MINE_0361,Odisha,Mixed,Non-Coking Bituminous,12,79.55,-16.59,1,61,1,81.78,17,0,6,7,19,5,3,4,0,1,14.02,24,5,23.26,87.16,80.8,3,1,3,0,6,1,-8.6,8,2,25.0,515,188,81.97,22.7,3,10,1,2.13,85.58,3
IND_MINE_0362,Odisha,Opencast,Coking Coal,56,80.4,11.89,2,29,2,78.24,12,2,5,7,18,11,7,4,0,4,2.45,26,10,21.7,68.38,60.77,5,0,1,0,2,1,24.77,7,0,0.0,257,190,71.19,24.85,9,1,1,8.21,100,2
IND_MINE_0363,Odisha,Mixed,Anthracite,11,82.91,-3.06,1,32,1,86.28,13,0,7,1,7,6,0,5,1,7,19.45,30,3,31.7,82.22,68.16,4,0,5,0,7,1,23.57,1,1,100.0,74,102,90.76,9.47,0,15,3,6.83,60.77,3
IND_MINE_0364,Odisha,Underground,Sub-Bituminous,38,87.08,-4.68,3,76,0,99.14,6,0,6,9,12,8,6,2,2,3,32.83,31,5,31.14,79.07,75.33,6,0,1,1,2,1,16.79,8,3,37.5,581,119,81.68,25.32,9,2,6,8.35,89.18,5
IND_MINE_0365,Odisha,Mixed,Anthracite,18,84.89,-3.13,5,43,0,88.93,10,0,6,1,19,9,8,3,1,0,-8.56,32,5,34.88,80.26,79.24,0,0,6,0,5,1,-3.47,3,0,0.0,268,0,81.37,21.84,5,2,1,3.77,84.12,5
IND_MINE_0366,Uttar Pradesh,Mixed,Sub-Bituminous,52,91.97,-15.79,4,89,0,87.26,9,0,6,7,15,0,0,6,1,5,2.37,29,13,31.81,67.6,58.24,0,0,0,0,0,0,7.05,2,2,100.0,616,192,87.79,12.72,10,7,0,5.6,97.26,4
IND_MINE_0367,Uttar Pradesh,Underground,Coking Coal,50,83.67,7.52,1,69,2,74.2,8,0,5,10,17,11,1,3,2,2,25.46,38,9,21.54,88.2,72.49,10,1,3,0,6,3,-17.42,2,2,100.0,12,40,78.5,24.38,6,14,9,4.09,94.15,0
IND_MINE_0368,Uttar Pradesh,Mixed,Anthracite,28,72.0,-2.21,3,47,0,97.46,8,2,4,14,22,21,14,1,1,2,0.39,40,11,17.31,76.42,66.64,2,1,2,0,3,2,-15.17,5,5,100.0,636,227,57.32,39.8,0,19,10,9.71,99.63,2
IND_MINE_0369,Uttar Pradesh,Mixed,Coking Coal,15,73.36,3.18,0,67,2,76.49,12,2,7,8,16,6,2,1,1,0,3.96,19,3,5.17,80.0,71.5,1,0,4,0,8,2,19.26,4,0,0.0,206,102,75.55,25.04,10,11,4,2.19,79.6,3
IND_MINE_0370,Uttar Pradesh,Opencast,Non-Coking Bituminous,48,87.91,-9.66,0,53,4,75.71,9,0,1,7,22,20,10,6,0,5,32.67,27,10,20.37,81.61,78.05,9,1,6,0,1,2,-9.95,1,0,0.0,484,137,80.19,20.13,1,9,1,7.58,73.0,4
IND_MINE_0371,Jammu and Kashmir,Underground,Coking Coal,52,66.87,13.72,5,55,0,99.32,2,1,1,10,17,8,0,3,1,7,10.14,29,14,10.22,63.52,48.73,3,0,5,0,1,3,-24.24,8,0,0.0,355,104,74.23,31.83,10,15,8,2.1,80.7,5
IND_MINE_0372,Jammu and Kashmir,Underground,Sub-Bituminous,24,80.51,-5.82,1,65,1,82.43,8,0,3,10,14,4,4,4,2,1,11.63,15,5,12.18,83.54,74.36,9,0,4,0,4,0,-22.5,5,4,80.0,374,75,73.91,26.09,4,15,8,5.84,97.01,4
IND_MINE_0373,Assam,Opencast,Anthracite,73,83.33,9.0,1,20,0,97.27,13,2,4,10,23,3,1,2,2,5,31.74,33,16,34.06,70.03,52.62,11,1,1,0,2,1,16.33,0,0,0,509,106,67.86,27.44,2,13,10,9.33,100,3
IND_MINE_0374,Gujarat,Opencast,Lignite,72,95.79,9.86,4,49,2,74.19,10,0,1,11,29,0,0,1,0,5,8.93,45,8,12.73,87.07,72.53,11,2,4,2,7,1,13.08,6,4,66.67,318,257,81.53,26.07,1,18,5,4.49,61.61,1
IND_MINE_0375,Gujarat,Opencast,Lignite,29,79.65,3.65,2,7,2,84.04,18,2,8,3,21,9,9,4,2,3,13.4,36,3,2.13,89.56,88.93,0,1,7,0,7,3,-7.0,1,0,0.0,682,223,72.82,31.67,10,4,6,5.59,81.3,4
IND_MINE_0376,Gujarat,Opencast,Lignite,59,61.14,6.41,4,48,1,89.81,13,1,2,8,21,16,4,3,1,0,27.77,24,5,7.72,89.44,76.31,3,1,4,0,5,2,13.16,8,7,87.5,592,50,75.72,28.98,0,10,5,7.55,80.36,3
IND_MINE_0377,Gujarat,Opencast,Lignite,31,85.63,6.0,1,33,0,94.24,6,0,6,0,18,6,0,4,1,6,4.4,36,15,13.6,75.44,57.93,7,0,4,0,1,0,-11.72,3,0,0.0,162,42,98.13,9.72,4,16,6,1.03,49.87,2
IND_MINE_0378,Gujarat,Opencast,Lignite,68,77.01,-6.23,5,60,1,90.02,10,2,3,12,22,10,9,2,0,1,17.1,32,12,13.16,80.25,68.67,4,1,1,0,2,1,15.62,7,6,85.71,162,354,65.83,34.65,4,1,1,3.81,87.45,2
IND_MINE_0379,Gujarat,Opencast,Lignite,11,88.66,9.81,3,52,0,86.57,6,0,3,12,15,7,6,3,1,3,19.1,24,6,0.32,83.7,80.77,5,1,7,1,2,2,32.16,8,7,87.5,630,149,72.15,28.71,7,15,3,5.94,66.83,5
IND_MINE_0380,Gujarat,Opencast,Lignite,72,81.44,11.51,2,22,2,88.2,9,0,2,11,25,19,16,2,2,3,17.21,49,14,31.79,74.1,65.65,6,0,6,0,3,1,24.44,6,2,33.33,485,171,62.74,40.35,5,16,1,9.14,75.58,1
IND_MINE_0381,Gujarat,Opencast,Lignite,51,99,3.75,2,16,0,91.94,5,0,1,11,16,2,2,6,1,4,11.2,28,10,17.31,79.75,66.45,7,0,2,0,4,1,-15.04,7,2,28.57,63,134,73.64,28.82,10,5,7,9.92,69.63,1
IND_MINE_0382,Gujarat,Opencast,Lignite,16,73.5,-16.08,4,4,1,85.22,6,1,5,5,15,7,0,6,1,3,-12.37,37,4,32.01,89.75,80.64,6,0,5,0,5,3,-7.17,0,0,0,7,154,85.52,11.49,2,0,1,3.69,74.81,5
IND_MINE_0383,Gujarat,Opencast,Lignite,14,89.51,-7.61,0,29,2,81.03,13,2,7,10,24,11,10,3,1,1,16.05,40,14,10.34,79.2,65.94,4,1,2,0,4,1,31.7,5,1,20.0,361,276,64.14,35.96,10,1,10,7.1,93.66,3
IND_MINE_0384,Gujarat,Opencast,Lignite,65,95.56,-17.6,4,65,2,81.81,9,1,4,11,27,14,11,0,0,2,11.92,37,8,23.57,90.14,86.02,11,1,7,0,1,0,-16.14,1,1,100.0,572,188,69.91,34.14,4,1,3,5.06,65.2,2
IND_MINE_0385,Rajasthan,Opencast,Lignite,59,96.65,6.62,2,23,0,97.97,5,3,2,13,25,21,18,3,0,0,14.19,32,13,22.01,78.74,75.02,0,0,5,0,2,2,-4.51,4,2,50.0,572,149,43.92,53.05,7,11,0,3.41,92.1,3
IND_MINE_0386,Rajasthan,Opencast,Lignite,72,81.26,9.71,3,28,2,81.77,17,0,3,6,9,1,0,6,2,1,4.5,12,1,6.69,85.8,84.0,4,1,4,0,4,2,-1.8,7,7,100.0,26,283,81.92,25.43,1,12,7,2.27,89.1,4
IND_MINE_0387,Rajasthan,Opencast,Lignite,53,88.63,2.31,4,0,0,98.87,16,2,0,2,19,9,8,4,0,5,-17.33,28,3,15.19,85.54,72.79,4,0,6,0,6,1,16.87,6,0,0.0,588,129,77.08,22.51,6,0,2,7.1,87.93,2
IND_MINE_0388,Rajasthan,Opencast,Lignite,19,65.13,11.16,0,75,4,72.31,15,0,2,12,24,3,2,2,0,3,28.99,39,2,29.94,96.5,96.49,9,1,2,0,2,2,3.75,3,1,33.33,9,346,79.35,23.07,10,18,5,3.4,87.51,5
IND_MINE_0389,Rajasthan,Opencast,Lignite,32,81.23,-12.53,4,59,2,78.39,12,2,0,12,20,19,18,1,1,5,-15.67,24,6,19.26,85.84,71.68,6,1,4,0,4,2,18.73,2,0,0.0,100,247,58.68,40.63,5,18,6,2.03,90.37,5
IND_MINE_0390,Rajasthan,Opencast,Lignite,18,77.93,2.83,1,2,0,97.51,12,1,2,5,17,5,3,6,2,0,-11.46,36,1,20.95,98.52,91.17,4,2,7,0,5,3,-0.84,8,0,0.0,626,346,80.99,19.83,10,9,3,9.67,91.46,1
IND_MINE_0391,Tamil Nadu,Opencast,Lignite,51,75.72,-9.55,2,39,0,84.29,3,1,2,14,31,13,13,6,2,1,5.56,39,13,1.31,84.71,80.51,7,0,0,0,0,0,-22.07,3,3,100.0,362,363,54.98,47.4,5,10,8,1.81,100,1
IND_MINE_0392,Tamil Nadu,Opencast,Lignite,12,94.65,1.86,0,52,1,83.65,16,0,6,8,16,13,4,0,0,5,-17.3,41,5,17.71,86.77,74.52,9,0,4,0,7,2,-10.5,0,0,0,654,322,79.81,22.2,3,13,6,2.27,91.36,0
IND_MINE_0393,Tamil Nadu,Opencast,Lignite,23,64.86,-3.91,0,11,0,84.5,3,0,2,4,19,15,7,1,0,7,19.98,32,11,17.95,77.28,64.68,0,2,4,0,4,3,-19.22,2,1,50.0,551,90,88.25,17.85,4,7,7,4.92,99.72,4
